Height,Weight,Diameter,Price
0.01,0.0015,0.055,Low
0.025,0.005,0.1,Low
0.03,0.004,0.1,Low
0.03,0.003,0.09,Low
0.03,0.005,0.12,Low
0.025,0.005,0.11,Low
0.065,0.017,0.175,Low
0.045,0.011,0.15,Low
0.035,0.004,0.105,Low
0.045,0.009,0.13,Low
0.03,0.0105,0.14,Low
0.05,0.014,0.12,Low
0.055,0.0125,0.15,Low
0.045,0.014,0.155,Low
0.05,0.01,0.15,Low
0.04,0.005,0.11,Low
0.05,0.01,0.125,Low
0.05,0.015,0.15,Low
0.06,0.025,0.19,Low
0.095,0.01,0.13,Low
0.045,0.015,0.16,Low
0.06,0.026,0.195,Low
0.085,0.03,0.21,Low
0.06,0.011,0.145,Low
0.04,0.015,0.145,Low
0.02,0.005,0.11,Low
0.05,0.005,0.105,Low
0.035,0.0085,0.125,Low
0.055,0.02,0.18,Low
0.075,0.0345,0.12,Low
0.08,0.043,0.235,Low
0.045,0.0095,0.13,Low
0.04,0.0095,0.135,Low
0.04,0.007,0.155,Low
0.055,0.015,0.165,Low
0.065,0.0215,0.18,Low
0.06,0.0215,0.205,Low
0.085,0.064,0.27,Low
0.06,0.036,0.165,Low
0.055,0.018,0.18,Low
0.04,0.008,0.13,Low
0.025,0.006,0.11,Low
0.035,0.0035,0.095,Low
0.015,0.005,0.115,Low
0.05,0.011,0.145,Low
0.065,0.013,0.15,Low
0.07,0.016,0.17,Low
0.07,0.0255,0.195,Low
0.05,0.015,0.16,Low
0.045,0.0105,0.15,Low
0.06,0.02,0.175,Low
0.055,0.021,0.195,Low
0.055,0.026,0.2,Low
0.075,0.0405,0.235,Low
0.065,0.02,0.185,Low
0.05,0.017,0.17,Low
0.04,0.0065,0.15,Low
0.065,0.0215,0.18,Low
0.055,0.013,0.15,Low
0.06,0.02,0.185,Low
0.07,0.0305,0.205,Low
0.04,0.009,0.125,Low
0.035,0.005,0.105,Low
0.035,0.005,0.105,Low
0.02,0.005,0.12,Low
0.075,0.0305,0.205,Low
0.045,0.01,0.135,Low
0.05,0.042,0.215,Low
0.09,0.045,0.23,Low
0.06,0.015,0.16,Low
0.04,0.005,0.125,Low
0.05,0.012,0.145,Low
0.04,0.008,0.125,Low
0.07,0.025,0.195,Low
0.09,0.055,0.27,Low
0.085,0.07,0.275,Low
0.075,0.04,0.225,Low
0.045,0.02,0.175,Low
0.055,0.012,0.15,Low
0.06,0.03,0.195,Low
0.055,0.0125,0.13,Low
0.04,0.015,0.16,Low
0.06,0.035,0.21,Low
0.035,0.005,0.12,Low
0.07,0.035,0.2,Low
0.065,0.02,0.175,Low
0.06,0.03,0.21,Low
0.07,0.035,0.205,Low
0.08,0.035,0.22,Low
0.04,0.02,0.175,Low
0.055,0.02,0.165,Low
0.05,0.008,0.125,Low
0.075,0.025,0.19,Low
0.06,0.015,0.155,Low
0.06,0.023,0.185,Low
0.055,0.021,0.175,Low
0.08,0.0385,0.23,Low
0.07,0.037,0.22,Low
0.09,0.0425,0.24,Low
0.075,0.045,0.25,Low
0.115,0.1,0.32,Low
0.065,0.0225,0.18,Low
0.085,0.034,0.21,Low
0.065,0.03,0.22,Low
0.08,0.055,0.265,Low
0.065,0.0225,0.185,Low
0.065,0.025,0.19,Low
0.065,0.038,0.215,Low
0.07,0.04,0.225,Low
0.08,0.0445,0.23,Low
0.07,0.0385,0.23,Low
0.095,0.0435,0.205,Low
0.085,0.05,0.255,Low
0.095,0.061,0.29,Low
0.09,0.0655,0.28,Low
0.1,0.082,0.27,Low
0.1,0.0765,0.29,Low
0.08,0.053,0.255,Low
0.09,0.0675,0.3,Low
0.09,0.0765,0.295,Low
0.095,0.073,0.32,Low
0.105,0.1015,0.34,Low
0.045,0.013,0.17,Low
0.055,0.0335,0.21,Low
0.08,0.05,0.255,Low
0.075,0.055,0.26,Low
0.09,0.0705,0.175,Low
0.04,0.009,0.135,Low
0.055,0.015,0.15,Low
0.07,0.03,0.21,Low
0.06,0.025,0.19,Low
0.065,0.0285,0.195,Low
0.08,0.033,0.215,Low
0.055,0.045,0.25,Low
0.075,0.035,0.2,Low
0.03,0.01,0.15,Low
0.08,0.045,0.215,Low
0.065,0.027,0.2,Low
0.06,0.0225,0.18,Low
0.065,0.0225,0.185,Low
0.07,0.033,0.21,Low
0.05,0.02,0.18,Low
0.055,0.031,0.21,Low
0.08,0.03,0.22,Low
0.07,0.0315,0.205,Low
0.06,0.035,0.21,Low
0.065,0.031,0.215,Low
0.08,0.06,0.26,Low
0.05,0.0155,0.17,Low
0.095,0.0585,0.265,Low
0.08,0.0495,0.205,Low
0.085,0.058,0.28,Low
0.05,0.016,0.17,Low
0.06,0.032,0.215,Low
0.065,0.0315,0.22,Low
0.1,0.068,0.275,Low
0.08,0.01,0.135,Low
0.055,0.0185,0.165,Low
0.025,0.01,0.145,Low
0.075,0.045,0.245,Low
0.075,0.045,0.23,Low
0.07,0.031,0.19,Low
0.045,0.009,0.13,Low
0.095,0.06,0.265,Low
0.09,0.077,0.3,Low
0.085,0.0365,0.22,Low
0.075,0.044,0.225,Low
0.065,0.035,0.22,Low
0.075,0.0465,0.13,Low
0.065,0.034,0.205,Low
0.07,0.034,0.205,Low
0.065,0.05,0.235,Low
0.075,0.05,0.25,Low
0.08,0.0215,0.175,Low
0.08,0.047,0.235,Low
0.06,0.03,0.19,Low
0.055,0.02,0.175,Low
0.08,0.03,0.2,Low
0.055,0.01,0.14,Low
0.07,0.0325,0.205,Low
0.065,0.025,0.18,Low
0.1,0.03,0.205,Low
0.09,0.095,0.305,Low
0.04,0.01,0.135,Low
0.025,0.0075,0.115,Low
0.08,0.03,0.2,Low
0.075,0.035,0.215,Low
0.065,0.03,0.21,Low
0.09,0.055,0.25,Low
0.16,0.271,0.475,Low
0.11,0.1195,0.335,Low
0.125,0.1095,0.35,Low
0.12,0.127,0.36,Low
0.18,0.335,0.475,Low
0.125,0.1385,0.4,Low
0.11,0.15,0.375,Low
0.075,0.035,0.21,Low
0.115,0.1165,0.35,Low
0.17,0.1505,0.42,Low
0.085,0.05,0.255,Low
0.07,0.05,0.22,Low
0.11,0.13,0.36,Low
0.1,0.08,0.3,Low
0.125,0.225,0.45,Low
0.07,0.045,0.245,Low
0.07,0.045,0.235,Low
0.08,0.07,0.28,Low
0.09,0.07,0.275,Low
0.085,0.04,0.215,Low
0.075,0.035,0.205,Low
0.095,0.06,0.255,Low
0.08,0.055,0.26,Low
0.095,0.07,0.275,Low
0.07,0.03,0.2,Low
0.07,0.025,0.185,Low
0.07,0.025,0.195,Low
0.09,0.06,0.245,Low
0.06,0.0245,0.19,Low
0.125,0.085,0.28,Low
0.07,0.03,0.205,Low
0.055,0.018,0.175,Low
0.08,0.0575,0.25,Low
0.09,0.062,0.27,Low
0.07,0.054,0.25,Low
0.14,0.0615,0.275,Low
0.095,0.086,0.29,Low
0.095,0.077,0.29,Low
0.1,0.094,0.31,Low
0.1,0.106,0.325,Low
0.1,0.0945,0.325,Low
0.05,0.0135,0.14,Low
0.05,0.027,0.19,Low
0.06,0.0245,0.195,Low
0.095,0.037,0.23,Low
0.075,0.0425,0.235,Low
0.075,0.05,0.24,Low
0.085,0.0445,0.265,Low
0.095,0.067,0.29,Low
0.09,0.055,0.28,Low
0.08,0.07,0.265,Low
0.09,0.091,0.31,Low
0.09,0.09,0.33,Low
0.1,0.09,0.315,Low
0.1,0.1,0.34,Low
0.1,0.105,0.315,Low
0.115,0.1145,0.34,Low
0.13,0.134,0.345,Low
0.12,0.1295,0.375,Low
0.065,0.028,0.195,Low
0.08,0.039,0.22,Low
0.055,0.039,0.235,Low
0.085,0.0405,0.225,Low
0.1,0.0635,0.28,Low
0.08,0.067,0.28,Low
0.1,0.065,0.275,Low
0.095,0.087,0.32,Low
0.1,0.106,0.325,Low
0.095,0.088,0.31,Low
0.11,0.096,0.33,Low
0.12,0.12,0.34,Low
0.1,0.098,0.33,Low
0.11,0.102,0.33,Low
0.125,0.142,0.38,Low
0.11,0.13,0.35,Low
0.12,0.15,0.375,Low
0.09,0.0355,0.195,Low
0.075,0.09,0.225,Low
0.09,0.055,0.25,Low
0.095,0.055,0.255,Low
0.075,0.065,0.27,Low
0.085,0.058,0.27,Low
0.085,0.062,0.28,Low
0.09,0.0755,0.275,Low
0.095,0.0775,0.275,Low
0.11,0.0755,0.275,Low
0.09,0.075,0.285,Low
0.09,0.082,0.305,Low
0.095,0.0615,0.27,Low
0.11,0.0825,0.29,Low
0.105,0.0805,0.3,Low
0.105,0.088,0.34,Low
0.105,0.1075,0.34,Low
0.125,0.1175,0.35,Low
0.12,0.1365,0.355,Low
0.12,0.147,0.38,Low
0.07,0.0405,0.215,Low
0.085,0.0415,0.23,Low
0.09,0.0415,0.225,Low
0.075,0.054,0.27,Low
0.095,0.065,0.27,Low
0.1,0.082,0.29,Low
0.11,0.105,0.325,Low
0.1,0.1125,0.245,Low
0.105,0.1,0.335,Low
0.085,0.06,0.26,Low
0.085,0.065,0.27,Low
0.075,0.07,0.27,Low
0.09,0.11,0.3,Low
0.09,0.085,0.31,Low
0.1,0.0975,0.31,Low
0.13,0.23,0.45,Low
0.075,0.03,0.21,Low
0.06,0.03,0.215,Low
0.06,0.03,0.21,Low
0.065,0.03,0.21,Low
0.07,0.041,0.24,Low
0.08,0.0495,0.25,Low
0.07,0.046,0.25,Low
0.085,0.062,0.27,Low
0.08,0.065,0.28,Low
0.07,0.027,0.215,Low
0.115,0.087,0.315,Low
0.05,0.045,0.225,Low
0.085,0.085,0.28,Low
0.03,0.01,0.13,Low
0.08,0.045,0.235,Low
0.055,0.02,0.17,Low
0.08,0.03,0.19,Low
0.08,0.042,0.22,Low
0.09,0.06,0.265,Low
0.1,0.065,0.27,Low
0.09,0.055,0.26,Low
0.07,0.025,0.185,Low
0.055,0.008,0.125,Low
0.08,0.03,0.205,Low
0.065,0.022,0.17,Low
0.075,0.0345,0.23,Low
0.105,0.083,0.24,Low
0.075,0.0525,0.255,Low
0.105,0.095,0.315,Low
0.09,0.093,0.315,Low
0.105,0.105,0.31,Low
0.07,0.035,0.22,Low
0.075,0.0365,0.225,Low
0.08,0.07,0.29,Low
0.085,0.07,0.285,Low
0.065,0.088,0.31,Low
0.115,0.1305,0.345,Low
0.1,0.11,0.325,Low
0.125,0.118,0.35,Low
0.115,0.111,0.345,Low
0.075,0.048,0.24,Low
0.095,0.0715,0.285,Low
0.1,0.075,0.29,Low
0.115,0.103,0.33,Low
0.12,0.1345,0.37,Low
0.08,0.0575,0.25,Low
0.085,0.053,0.245,Low
0.095,0.06,0.255,Low
0.09,0.0765,0.3,Low
0.075,0.043,0.24,Low
0.09,0.0675,0.285,Low
0.07,0.038,0.23,Low
0.075,0.0455,0.25,Low
0.095,0.09,0.305,Low
0.095,0.0885,0.215,Low
0.1,0.097,0.33,Low
0.08,0.07,0.26,Low
0.09,0.075,0.3,Low
0.11,0.0945,0.32,Low
0.06,0.025,0.185,Low
0.12,0.1185,0.34,Low
0.105,0.11,0.35,Low
0.1,0.085,0.3,Low
0.09,0.04,0.235,Low
0.08,0.053,0.265,Low
0.105,0.0915,0.31,Low
0.065,0.03,0.21,Low
0.075,0.045,0.24,Low
0.09,0.065,0.27,Low
0.105,0.063,0.27,Low
0.09,0.0645,0.28,Low
0.095,0.075,0.275,Low
0.105,0.09,0.335,Low
0.085,0.06,0.265,Low
0.085,0.0765,0.315,Low
0.11,0.075,0.3,Low
0.105,0.109,0.345,Low
0.085,0.038,0.24,Low
0.085,0.0505,0.23,Low
0.085,0.054,0.26,Low
0.085,0.056,0.265,Low
0.075,0.054,0.265,Low
0.115,0.087,0.31,Low
0.09,0.08,0.315,Low
0.105,0.098,0.325,Low
0.05,0.029,0.205,Low
0.085,0.055,0.265,Low
0.095,0.0825,0.275,Low
0.1,0.105,0.325,Low
0.1,0.086,0.29,Low
0.1,0.091,0.315,Low
0.075,0.05,0.23,Low
0.095,0.21,0.275,Low
0.085,0.08,0.275,Low
0.06,0.018,0.18,Low
0.065,0.019,0.175,Low
0.07,0.035,0.22,Low
0.065,0.035,0.22,Low
0.07,0.045,0.23,Low
0.095,0.08,0.29,Low
0.09,0.082,0.3,Low
0.09,0.07,0.285,Low
0.095,0.066,0.295,Low
0.135,0.119,0.33,Low
0.15,0.2515,0.435,Low
0,0.3505,0.23,Low
0.09,0.062,0.27,Low
0.08,0.055,0.28,Low
0.095,0.083,0.31,Low
0.105,0.135,0.35,Low
0.07,0.03,0.2,Low
0.065,0.0505,0.245,Low
0.09,0.0655,0.27,Low
0.08,0.072,0.275,Low
0.115,0.0935,0.3,Low
0.07,0.03,0.215,Low
0.075,0.041,0.25,Low
0.095,0.0885,0.33,Low
0.11,0.115,0.35,Low
0.075,0.07,0.265,Low
0.08,0.04,0.2,Low
0.1,0.0715,0.27,Low
0.085,0.045,0.22,Low
0.08,0.03,0.195,Low
0.085,0.055,0.26,Low
0.075,0.035,0.215,Low
0.1,0.091,0.305,Low
0.115,0.17,0.375,Low
0.145,0.1575,0.385,Low
0.135,0.1565,0.39,Low
0.125,0.131,0.39,Low
0.125,0.11,0.335,Low
0.13,0.1555,0.37,Low
0.08,0.055,0.24,Low
0.085,0.045,0.235,Low
0.155,0.35,0.4,Low
0.09,0.075,0.27,Low
0.065,0.03,0.2,Low
0.075,0.03,0.19,Low
0.14,0.1835,0.41,Low
0.09,0.065,0.265,Low
0.09,0.05,0.24,Low
0.12,0.15,0.375,Low
0.125,0.175,0.4,Low
0.09,0.062,0.26,Low
0.08,0.048,0.23,Low
0.145,0.255,0.395,Low
0.125,0.09,0.29,Low
0.11,0.155,0.325,Low
0.12,0.1405,0.34,Low
0.115,0.12,0.325,Low
0.115,0.129,0.37,Low
0.15,0.29,0.46,Low
0.125,0.1405,0.39,Low
0.15,0.254,0.46,Low
0.145,0.265,0.46,Low
0.115,0.1335,0.365,Low
0.12,0.144,0.38,Low
0.18,0.355,0.485,Low
0.18,0.435,0.525,Low
0.135,0.1675,0.27,Low
0.16,0.105,0.305,Low
0.14,0.1955,0.38,Low
0.15,0.192,0.435,Low
0.08,0.08,0.29,Low
0.135,0.185,0.38,Low
0.105,0.1,0.305,Low
0.09,0.06,0.265,Low
0.12,0.1375,0.35,Low
0.14,0.24,0.425,Low
0.15,0.225,0.45,Low
0.14,0.2185,0.425,Low
0.1,0.0835,0.295,Low
0.105,0.13,0.35,Low
0.07,0.045,0.225,Low
0.105,0.148,0.37,Low
0.115,0.126,0.355,Low
0.125,0.1915,0.44,Low
0.12,0.1375,0.37,Low
0.11,0.148,0.375,Low
0.115,0.164,0.32,Low
0.15,0.273,0.365,Low
0.1,0.175,0.35,Low
0.11,0.1035,0.295,Low
0.12,0.17,0.375,Low
0.115,0.18,0.41,Low
0.08,0.055,0.255,Low
0.085,0.115,0.28,Low
0.095,0.075,0.295,Low
0.095,0.075,0.265,Low
0.085,0.085,0.295,Low
0.095,0.068,0.26,Low
0.065,0.028,0.2,Low
0.09,0.075,0.26,Low
0.095,0.08,0.28,Low
0.12,0.11,0.3,Low
0.085,0.07,0.27,Low
0.075,0.035,0.215,Low
0.075,0.045,0.245,Low
0.11,0.07,0.27,Low
0.105,0.06,0.25,Low
0.105,0.075,0.285,Low
0.09,0.08,0.275,Low
0.1,0.065,0.255,Low
0.12,0.11,0.345,Low
0.095,0.09,0.275,Low
0.1,0.07,0.275,Low
0.09,0.04,0.23,Low
0.09,0.032,0.225,Low
0.08,0.063,0.25,Low
0.055,0.0335,0.205,Low
0.065,0.03,0.2,Low
0.1,0.065,0.275,Low
0.085,0.0535,0.24,Low
0.08,0.049,0.25,Low
0.085,0.0745,0.3,Low
0.135,0.0735,0.275,Low
0.095,0.0605,0.275,Low
0.1,0.09,0.3,Low
0.095,0.082,0.29,Low
0.11,0.109,0.32,Low
0.1,0.1105,0.335,Low
0.1,0.089,0.325,Low
0.075,0.055,0.25,Low
0.075,0.0445,0.25,Low
0.07,0.055,0.25,Low
0.1,0.065,0.265,Low
0.095,0.0795,0.28,Low
0.09,0.09,0.31,Low
0.09,0.1,0.305,Low
0.1,0.105,0.325,Low
0.09,0.095,0.325,Low
0.09,0.105,0.325,Low
0.13,0.1195,0.35,Low
0.13,0.137,0.36,Low
0.11,0.1135,0.345,Low
0.105,0.119,0.335,Low
0.125,0.1465,0.355,Low
0.1,0.115,0.36,Low
0.105,0.1265,0.345,Low
0.115,0.113,0.365,Low
0.115,0.143,0.37,Low
0.11,0.12,0.345,Low
0.1,0.175,0.375,Low
0.135,0.18,0.405,Low
0.055,0.025,0.195,Low
0.08,0.065,0.29,Low
0.11,0.093,0.3,Low
0.1,0.0875,0.3,Low
0.105,0.1035,0.3,Low
0.11,0.105,0.32,Low
0.115,0.1045,0.325,Low
0.115,0.106,0.345,Low
0.11,0.12,0.33,Low
0.105,0.117,0.345,Low
0.145,0.13,0.34,Low
0.105,0.0975,0.33,Low
0.115,0.1175,0.35,Low
0.1,0.115,0.35,Low
0.14,0.1585,0.375,Low
0.095,0.052,0.25,Low
0.09,0.048,0.245,Low
0.085,0.06,0.27,Low
0.085,0.06,0.265,Low
0.09,0.075,0.29,Low
0.085,0.0695,0.29,Low
0.085,0.07,0.27,Low
0.095,0.0735,0.3,Low
0.095,0.089,0.3,Low
0.11,0.17,0.335,Low
0.11,0.1,0.325,Low
0.1,0.106,0.32,Low
0.09,0.08,0.31,Low
0.11,0.12,0.315,Low
0.105,0.11,0.36,Low
0.13,0.16,0.38,Low
0.125,0.157,0.375,Low
0.12,0.18,0.38,Low
0.12,0.16,0.38,Low
0.135,0.0605,0.265,Low
0.085,0.067,0.28,Low
0.09,0.08,0.3,Low
0.09,0.0815,0.29,Low
0.135,0.1065,0.335,Low
0.115,0.1165,0.365,Low
0.125,0.147,0.36,Low
0.125,0.17,0.4,Low
0.09,0.058,0.26,Low
0.075,0.066,0.275,Low
0.075,0.055,0.265,Low
0.085,0.066,0.27,Low
0.08,0.07,0.28,Low
0.095,0.075,0.285,Low
0.095,0.07,0.28,Low
0.09,0.08,0.3,Low
0.1,0.077,0.285,Low
0.1,0.073,0.29,Low
0.1,0.0965,0.325,Low
0.08,0.095,0.315,Low
0.1,0.11,0.335,Low
0.11,0.1345,0.335,Low
0.11,0.1205,0.35,Low
0.11,0.13,0.355,Low
0.13,0.16,0.375,Low
0.13,0.162,0.395,Low
0.13,0.1895,0.39,Low
0.14,0.169,0.4,Low
0.12,0.177,0.42,Low
0.13,0.175,0.4,Low
0.075,0.036,0.215,Low
0.08,0.06,0.265,Low
0.085,0.075,0.275,Low
0.095,0.11,0.315,Low
0.105,0.105,0.335,Low
0.1,0.098,0.335,Low
0.11,0.11,0.33,Low
0.12,0.1185,0.345,Low
0.11,0.166,0.37,Low
0.13,0.154,0.385,Low
0.115,0.1425,0.38,Low
0.065,0.03,0.2,Low
0.07,0.04,0.25,Low
0.08,0.0495,0.235,Low
0.085,0.053,0.27,Low
0.085,0.0605,0.275,Low
0.095,0.078,0.29,Low
0.09,0.0805,0.25,Low
0.095,0.0985,0.315,Low
0.12,0.095,0.325,Low
0.11,0.1375,0.35,Low
0.1,0.082,0.295,Low
0.12,0.0805,0.305,Low
0.09,0.095,0.305,Low
0.09,0.08,0.29,Low
0.1,0.085,0.31,Low
0.075,0.05,0.24,Low
0.08,0.065,0.26,Low
0.11,0.08,0.28,Low
0.075,0.03,0.2,Low
0.12,0.125,0.345,Low
0.1,0.125,0.325,Low
0.09,0.045,0.24,Low
0.09,0.043,0.22,Low
0.075,0.044,0.3,Low
0.1,0.114,0.325,Low
0.185,0.172,0.39,Low
0.07,0.047,0.235,Low
0.07,0.07,0.265,Low
0.1,0.08,0.295,Low
0.1,0.095,0.325,Low
0.11,0.111,0.335,Low
0.12,0.125,0.355,Low
0.12,0.107,0.345,Low
0.11,0.12,0.355,Low
0.11,0.136,0.385,Low
0.11,0.1325,0.38,Low
0.12,0.185,0.385,Low
0.1,0.094,0.34,Low
0.1,0.09,0.32,Low
0.1,0.103,0.34,Low
0.115,0.113,0.335,Low
0.11,0.125,0.345,Low
0.105,0.1185,0.355,Low
0.1,0.123,0.365,Low
0.115,0.1455,0.375,Low
0.12,0.136,0.38,Low
0.08,0.058,0.255,Low
0.09,0.058,0.275,Low
0.095,0.066,0.275,Low
0.125,0.081,0.3,Low
0.1,0.0865,0.305,Low
0.1,0.091,0.305,Low
0.1,0.085,0.305,Low
0.1,0.105,0.335,Low
0.11,0.105,0.34,Low
0.095,0.1185,0.335,Low
0.115,0.1325,0.355,Low
0.09,0.042,0.235,Low
0.075,0.0425,0.225,Low
0.09,0.077,0.29,Low
0.105,0.1095,0.335,Low
0.105,0.1115,0.35,Low
0.115,0.123,0.365,Low
0.145,0.1895,0.395,Low
0.09,0.056,0.26,Low
0.09,0.065,0.27,Low
0.085,0.072,0.28,Low
0.095,0.115,0.335,Low
0.09,0.0855,0.31,Low
0.115,0.141,0.37,Low
0.1,0.084,0.3,Low
0.105,0.1135,0.335,Low
0.1,0.15,0.33,Low
0.125,0.165,0.385,Low
0.075,0.0595,0.27,Low
0.095,0.093,0.31,Low
0.08,0.0725,0.285,Low
0.085,0.075,0.29,Low
0.115,0.094,0.32,Low
0.105,0.1175,0.325,Low
0.1,0.101,0.34,Low
0.065,0.035,0.2,Low
0.075,0.05,0.235,Low
0.075,0.05,0.25,Low
0.09,0.09,0.315,Low
0.095,0.093,0.31,Low
0.1,0.1,0.32,Low
0.09,0.075,0.285,Low
0.1,0.14,0.37,Low
0.1,0.13,0.37,Low
0.1,0.0815,0.29,Low
0.11,0.1,0.335,Low
0.11,0.09,0.33,Low
0.145,0.123,0.355,Low
0.115,0.139,0.355,Low
0.115,0.128,0.37,Low
0.09,0.0575,0.26,Low
0.09,0.0585,0.265,Low
0.09,0.0625,0.275,Low
0.09,0.0775,0.285,Low
0.115,0.14,0.35,Low
0.11,0.1025,0.325,Low
0.07,0.035,0.225,Low
0.12,0.13,0.345,Low
0.105,0.127,0.365,Low
0.1,0.1255,0.25,Low
0.115,0.128,0.25,Low
0.095,0.067,0.28,Low
0.085,0.0615,0.265,Low
0.095,0.123,0.33,Low
0.115,0.11,0.335,Low
0.06,0.0355,0.23,Low
0.1,0.064,0.27,Low
0.1,0.09,0.3,Low
0.105,0.11,0.33,Low
0.1,0.1025,0.33,Low
0.135,0.1405,0.35,Low
0.12,0.135,0.35,Low
0.135,0.1325,0.35,Low
0.085,0.055,0.26,Low
0.09,0.0605,0.28,Low
0.11,0.0965,0.335,Low
0.1,0.109,0.325,Low
0.085,0.0935,0.31,Low
0.1,0.085,0.305,Low
0.125,0.145,0.335,Low
0.1,0.086,0.305,Low
0.1,0.126,0.35,Low
0.08,0.046,0.23,Low
0.09,0.0615,0.28,Low
0.085,0.079,0.31,Low
0.1,0.081,0.29,Low
0.085,0.088,0.3,Low
0.09,0.07,0.265,Low
0.08,0.1,0.295,Low
0.095,0.1,0.32,Low
0.1,0.11,0.31,Low
0.105,0.135,0.345,Low
0.095,0.1,0.325,Low
0.13,0.165,0.37,Low
0.09,0.06,0.25,Low
0.105,0.075,0.265,Low
0.075,0.04,0.23,Low
0.045,0.0155,0.155,Low
0.08,0.0345,0.21,Low
0.085,0.049,0.24,Low
0.055,0.0195,0.17,Low
0.1,0.08,0.235,Low
0.085,0.05,0.24,Low
0.095,0.06,0.255,Low
0.08,0.05,0.225,Low
0.075,0.04,0.215,Low
0.12,0.095,0.305,Low
0.12,0.14,0.365,Low
0.135,0.144,0.4,Low
0.135,0.1535,0.385,Low
0.125,0.1825,0.4,Low
0.155,0.155,0.39,Low
0.125,0.186,0.405,Low
0.17,0.214,0.46,Low
0.12,0.1035,0.335,Low
0.105,0.129,0.36,Low
0.125,0.141,0.465,Low
0.135,0.156,0.39,Low
0.16,0.265,0.465,Low
0.1,0.112,0.36,Low
0.125,0.143,0.28,Low
0.12,0.117,0.32,Low
0.115,0.12,0.36,Low
0.125,0.159,0.38,Low
0.13,0.18,0.4,Low
0.125,0.185,0.415,Low
0.11,0.116,0.345,Low
0.11,0.121,0.36,Low
0.13,0.1515,0.385,Low
0.1,0.095,0.3,Low
0.08,0.125,0.33,Low
0.1,0.11,0.325,Low
0.095,0.09,0.295,Low
0.07,0.036,0.195,Low
0.075,0.04,0.21,Low
0.105,0.13,0.345,Low
0.095,0.075,0.28,Low
0.11,0.085,0.265,Low
0.095,0.048,0.245,Low
0.115,0.113,0.325,Low
0.135,0.161,0.37,Low
0.145,0.1485,0.375,Low
0.135,0.202,0.415,Low
0.155,0.259,0.45,Low
0.14,0.263,0.465,Low
0.135,0.178,0.4,Low
0.145,0.205,0.42,Low
0.12,0.17,0.42,Low
0.15,0.2505,0.45,Low
0.14,0.2,0.41,Low
0.14,0.189,0.405,Low
0.17,0.348,0.51,Low
0.13,0.175,0.41,Low
0.15,0.24,0.405,Low
0.125,0.165,0.375,Low
0.065,0.03,0.2,Low
0.14,0.218,0.45,Low
0.12,0.161,0.39,Low
0.125,0.2,0.395,Low
0.11,0.1315,0.335,Low
0.155,0.228,0.43,Low
0.14,0.19,0.405,Low
0.105,0.145,0.355,Low
0.14,0.22,0.4,Low
0.11,0.1,0.32,Low
0.115,0.1355,0.33,Low
0.115,0.22,0.405,Low
0.13,0.105,0.305,Low
0.12,0.095,0.325,Low
0.155,0.24,0.425,Low
0.185,0.245,0.495,Low
0.105,0.1175,0.34,Low
0.095,0.09,0.305,Low
0.1,0.08,0.275,Low
0.09,0.06,0.265,Low
0.135,0.175,0.365,Low
0.125,0.283,0.43,Low
0.16,0.32,0.48,Low
0.165,0.321,0.51,Low
0.12,0.146,0.365,Low
0.14,0.23,0.43,Low
0.14,0.175,0.415,Low
0.13,0.205,0.425,Low
0.15,0.202,0.425,Low
0.135,0.205,0.4,Low
0.13,0.18,0.4,Low
0.15,0.27,0.455,Low
0.18,0.276,0.46,Low
0.145,0.29,0.45,Low
0.145,0.25,0.455,Low
0.16,0.33,0.48,Low
0.165,0.336,0.505,Low
0.135,0.175,0.415,Low
0.15,0.223,0.43,Low
0.155,0.245,0.44,Low
0.145,0.22,0.445,Low
0.15,0.25,0.465,Low
0.16,0.281,0.48,Low
0.115,0.1245,0.365,Low
0.125,0.141,0.365,Low
0.145,0.225,0.45,Low
0.15,0.253,0.445,Low
0.14,0.1945,0.43,Low
0.15,0.22,0.43,Low
0.145,0.275,0.46,Low
0.155,0.275,0.435,Low
0.135,0.21,0.45,Low
0.195,0.47,0.465,Low
0.15,0.36,0.435,Low
0.15,0.23,0.435,Low
0.15,0.265,0.435,Low
0.155,0.3,0.46,Low
0.14,0.24,0.48,Low
0.18,0.3995,0.5,Low
0.16,0.2825,0.355,Low
0.135,0.1795,0.425,Low
0.14,0.31,0.475,Low
0.155,0.265,0.46,Low
1.13,0.1335,0.355,Low
0.14,0.1785,0.38,Low
0.13,0.2035,0.42,Low
0.14,0.22,0.43,Low
0.115,0.175,0.39,Low
0.12,0.185,0.38,Low
0.115,0.12,0.33,Low
0.115,0.0935,0.3,Low
0.12,0.155,0.325,Low
0.145,0.2,0.46,Low
0.115,0.16,0.36,Low
0.11,0.109,0.34,Low
0.15,0.36,0.5,Low
0.08,0.07,0.275,Low
0.18,0.135,0.355,Low
0.135,0.175,0.35,Low
0.12,0.135,0.375,Low
0.155,0.35,0.5,Low
0.15,0.215,0.405,Low
0.125,0.215,0.425,Low
0.14,0.2295,0.435,Low
0.145,0.2425,0.445,Low
0.16,0.2335,0.45,Low
0.145,0.248,0.46,Low
0.15,0.29,0.46,Low
0.175,0.3595,0.49,Low
0.135,0.185,0.44,Low
0.15,0.248,0.48,Low
0.14,0.2245,0.435,Low
0.16,0.2565,0.46,Low
0.15,0.265,0.465,Low
0.15,0.275,0.44,Low
0.175,0.2785,0.445,Low
0.13,0.225,0.455,Low
0.13,0.1965,0.425,Low
0.135,0.2325,0.445,Low
0.16,0.319,0.49,Low
0.11,0.131,0.35,Low
0.125,0.24,0.445,Low
0.15,0.228,0.425,Low
0.19,0.352,0.5,Low
0.13,0.1515,0.38,Low
0.135,0.177,0.41,Low
0.15,0.221,0.43,Low
0.1,0.1385,0.36,Low
0.135,0.17,0.385,Low
0.115,0.13,0.35,Low
0.18,0.371,0.48,Low
0.12,0.146,0.39,Low
0.145,0.2155,0.44,Low
0.11,0.225,0.42,Low
0.165,0.2815,0.46,Low
0.16,0.29,0.47,Low
0.16,0.3065,0.475,Low
0.14,0.183,0.42,Low
0.16,0.223,0.42,Low
0.165,0.4,0.53,Low
0.17,0.333,0.455,Low
0.15,0.315,0.475,Low
0.115,0.1325,0.365,Low
0.135,0.17,0.375,Low
0.135,0.135,0.34,Low
0.115,0.155,0.35,Low
0.14,0.255,0.465,Low
0.135,0.275,0.46,Low
0.125,0.1765,0.4,Low
0.095,0.12,0.3,Low
0.12,0.19,0.41,Low
0.085,0.08,0.29,Low
0.085,0.05,0.245,Low
0.085,0.15,0.275,Low
0.11,0.12,0.34,Low
0.08,0.04,0.23,Low
0.085,0.06,0.255,Low
0.11,0.14,0.355,Low
0.09,0.09,0.28,Low
0.115,0.09,0.305,Low
0.07,0.035,0.225,Low
0.1,0.07,0.26,Low
0.07,0.035,0.205,Low
0.14,0.17,0.375,Low
0.13,0.1405,0.35,Low
0.07,0.04,0.23,Low
0.12,0.1125,0.325,Low
0.105,0.1335,0.355,Low
0.12,0.135,0.385,Low
0.15,0.156,0.39,Low
0.125,0.185,0.355,Low
0.11,0.109,0.335,Low
0.125,0.1315,0.365,Low
0.125,0.1665,0.38,Low
0.125,0.134,0.38,Low
0.125,0.182,0.405,Low
0.115,0.166,0.38,Low
0.125,0.15,0.385,Low
0.135,0.157,0.38,Low
0.125,0.167,0.38,Low
0.13,0.17,0.4,Low
0.12,0.1405,0.395,Low
0.125,0.19,0.4,Low
0.15,0.224,0.44,Low
0.09,0.0525,0.255,Low
0.08,0.065,0.28,Low
0.08,0.07,0.27,Low
0.085,0.067,0.28,Low
0.105,0.0945,0.305,Low
0.095,0.085,0.295,Low
0,0.115,0.34,Low
0.095,0.1045,0.315,Low
0.105,0.126,0.345,Low
0.1,0.11,0.33,Low
0.1,0.135,0.365,Low
0.18,0.1505,0.355,Low
0.12,0.115,0.355,Low
0.1,0.14,0.355,Low
0.12,0.1505,0.38,Low
0.11,0.15,0.36,Low
0.115,0.132,0.355,Low
0.1,0.135,0.365,Low
0.12,0.1495,0.355,Low
0.13,0.18,0.405,Low
0.105,0.171,0.395,Low
0.15,0.225,0.415,Low
0.135,0.227,0.435,Low
0.135,0.185,0.405,Low
0.135,0.245,0.45,Low
0.095,0.0855,0.31,Low
0.11,0.125,0.355,Low
0.125,0.17,0.395,Low
0.13,0.251,0.475,Low
0.095,0.061,0.27,Low
0.09,0.076,0.29,Low
0.09,0.0835,0.3,Low
0.09,0.0955,0.3,Low
0.09,0.075,0.3,Low
0.11,0.09,0.325,Low
0.095,0.105,0.34,Low
0.11,0.12,0.345,Low
0.125,0.155,0.355,Low
0.145,0.19,0.36,Low
0.125,0.125,0.36,Low
0.12,0.15,0.37,Low
0.115,0.143,0.375,Low
0.135,0.169,0.4,Low
0.125,0.15,0.37,Low
0.105,0.19,0.4,Low
0.12,0.1935,0.4,Low
0.12,0.173,0.39,Low
0.125,0.17,0.395,Low
0.125,0.185,0.39,Low
0.135,0.175,0.38,Low
0.135,0.213,0.425,Low
0.12,0.1725,0.375,Low
0.125,0.22,0.42,Low
0.145,0.2215,0.415,Low
0.15,0.21,0.425,Low
0.14,0.206,0.435,Low
0.13,0.2,0.44,Low
0.15,0.235,0.46,Low
0.17,0.29,0.48,Low
0.12,0.1645,0.3,Low
0.135,0.211,0.325,Low
0.11,0.1215,0.345,Low
0.105,0.182,0.365,Low
0.18,0.304,0.385,Low
0.165,0.228,0.42,Low
0.15,0.253,0.45,Low
0.105,0.081,0.31,Low
0.095,0.115,0.31,Low
0.1,0.12,0.34,Low
0.105,0.105,0.33,Low
0.11,0.1185,0.33,Low
0.12,0.135,0.375,Low
0.12,0.147,0.36,Low
0.135,0.165,0.38,Low
0.145,0.1505,0.38,Low
0.14,0.191,0.375,Low
0.145,0.207,0.4,Low
0.11,0.184,0.41,Low
0.145,0.21,0.405,Low
0.14,0.23,0.43,Low
0.125,0.19,0.39,Low
0.11,0.0925,0.325,Low
0.11,0.105,0.32,Low
0.12,0.1365,0.365,Low
0.085,0.057,0.255,Low
0.07,0.054,0.24,Low
0.1,0.0725,0.28,Low
0.09,0.087,0.31,Low
0.12,0.12,0.32,Low
0.135,0.158,0.35,Low
0.11,0.139,0.37,Low
0.11,0.11,0.335,Low
0.14,0.185,0.415,Low
0.125,0.165,0.385,Low
0.07,0.04,0.24,Low
0.105,0.095,0.325,Low
0.115,0.105,0.325,Low
0.08,0.032,0.2,Low
0.09,0.065,0.26,Low
0.1,0.085,0.31,Low
0.1,0.0945,0.32,Low
0.11,0.163,0.37,Low
0.12,0.1325,0.35,Low
0.105,0.12,0.355,Low
0.1,0.095,0.315,Low
0.13,0.157,0.375,Low
0.125,0.13,0.375,Low
0.125,0.1605,0.39,Low
0.155,0.167,0.395,Low
0.15,0.1725,0.385,Low
0.13,0.1755,0.42,Low
0.13,0.2105,0.425,Low
0.14,0.0825,0.29,Low
0.085,0.068,0.285,Low
0.1,0.09,0.32,Low
0.11,0.0995,0.31,Low
0.1,0.1,0.315,Low
0.11,0.101,0.325,Low
0.115,0.1,0.325,Low
0.11,0.1015,0.315,Low
0.115,0.1315,0.34,Low
0.1,0.123,0.35,Low
0.105,0.11,0.345,Low
0.125,0.16,0.38,Low
0.14,0.2305,0.365,Low
0.145,0.1805,0.385,Low
0.11,0.1615,0.39,Low
0.13,0.195,0.385,Low
0.13,0.2,0.4,Low
0.09,0.056,0.27,Low
0.12,0.1405,0.375,Low
0.12,0.16,0.375,Low
0.09,0.088,0.315,Low
0.1,0.115,0.34,Low
0.13,0.174,0.385,Low
0.11,0.1545,0.375,Low
0.12,0.161,0.375,Low
0.12,0.152,0.37,Low
0.125,0.17,0.4,Low
0.125,0.204,0.4,Low
0.11,0.16,0.4,Low
0.125,0.185,0.38,Low
0.13,0.2055,0.43,Low
0.165,0.244,0.435,Low
0.13,0.21,0.425,Low
0.13,0.2175,0.43,Low
0.115,0.109,0.345,Low
0.135,0.2055,0.4,Low
0.165,0.2725,0.43,Low
0.09,0.08,0.285,Low
0.09,0.079,0.28,Low
0.105,0.115,0.325,Low
0.115,0.1245,0.33,Low
0.125,0.1345,0.34,Low
0.11,0.1455,0.37,Low
0.125,0.162,0.375,Low
0.115,0.15,0.375,Low
0.135,0.209,0.38,Low
0.11,0.18,0.4,Low
0.13,0.22,0.43,Low
0.145,0.289,0.47,Low
0.085,0.0725,0.32,Low
0.12,0.0895,0.3,Low
0.105,0.103,0.325,Low
0.07,0.034,0.195,Low
0.075,0.04,0.215,Low
0.1,0.075,0.285,Low
0.125,0.185,0.375,Low
0.105,0.085,0.3,Low
0.14,0.158,0.365,Low
0.1,0.07,0.285,Low
0.08,0.031,0.21,Low
0.075,0.064,0.28,Low
0.115,0.184,0.355,Low
0.09,0.075,0.3,Low
0.125,0.131,0.35,Low
0.145,0.1645,0.4,Low
0.11,0.151,0.385,Low
0.105,0.12,0.34,Low
0.16,0.1845,0.42,Low
0.13,0.1485,0.405,Low
0.13,0.1535,0.38,Low
0.11,0.1065,0.325,Low
0.12,0.125,0.34,Low
0.095,0.12,0.355,Low
0.11,0.14,0.35,Low
0.11,0.1205,0.435,Low
0.09,0.11,0.34,Low
0.135,0.125,0.36,Low
0.105,0.16,0.39,Low
0.13,0.198,0.42,Low
0.135,0.2,0.41,Low
0.155,0.285,0.455,Low
0.095,0.0675,0.285,Low
0.11,0.126,0.37,Low
0.115,0.1395,0.375,Low
0.09,0.078,0.29,Low
0.105,0.125,0.34,Low
0.095,0.1,0.32,Low
0.12,0.14,0.355,Low
0.12,0.125,0.345,Low
0.125,0.151,0.365,Low
0.14,0.171,0.415,Low
0.14,0.24,0.45,Low
0.15,0.239,0.44,Low
0.145,0.2455,0.395,Low
0.11,0.145,0.375,Low
0.135,0.1435,0.355,Low
0.11,0.13,0.36,Low
0.14,0.1465,0.37,Low
0.105,0.165,0.395,Low
0.115,0.148,0.395,Low
0.095,0.1,0.31,Low
0.125,0.175,0.4,Low
0.095,0.07,0.26,Low
0.1,0.0965,0.34,Low
0.095,0.055,0.25,Low
0.12,0.184,0.355,Low
0.115,0.105,0.32,Low
0.125,0.1525,0.375,Low
0.125,0.1555,0.39,Low
0.1,0.0925,0.31,Low
0.11,0.1075,0.325,Low
0.09,0.18,0.365,Low
0.14,0.1985,0.42,Low
0.13,0.174,0.405,Low
0.105,0.1185,0.335,Low
0.11,0.149,0.375,Low
0.12,0.1305,0.36,Low
0.14,0.169,0.4,Low
0.14,0.2615,0.43,Low
0.125,0.2095,0.43,Low
0.14,0.1785,0.4,Low
0.14,0.2,0.42,Low
0.11,0.15,0.365,Low
0.115,0.1765,0.375,Low
0.12,0.165,0.385,Low
0.115,0.11,0.315,Low
0.11,0.14,0.355,Low
0.105,0.125,0.355,Low
0.12,0.135,0.35,Low
0.135,0.17,0.385,Low
0.12,0.185,0.4,Low
0.12,0.135,0.355,Low
0.13,0.145,0.375,Low
0.085,0.085,0.305,Low
0.155,0.285,0.435,Low
0.115,0.12,0.335,Low
0.13,0.135,0.35,Low
0.11,0.0905,0.275,Low
0.1,0.074,0.28,Low
0.105,0.095,0.295,Low
0.145,0.185,0.38,Low
0.115,0.15,0.355,Low
0.095,0.235,0.44,Low
0.115,0.117,0.35,Low
0.065,0.027,0.195,Low
0.09,0.063,0.265,Low
0.085,0.0695,0.265,Low
0.115,0.085,0.275,Low
0.12,0.169,0.375,Low
0.125,0.1775,0.385,Low
0.14,0.239,0.44,Low
0.13,0.225,0.395,Low
0.12,0.14,0.365,Low
0.1,0.115,0.36,Low
0.125,0.1695,0.385,Low
0.135,0.1495,0.395,Low
0.135,0.19,0.39,Low
0.15,0.1885,0.405,Low
0.145,0.1955,0.41,Low
0.14,0.2155,0.43,Low
0.14,0.2195,0.435,Low
0.14,0.24,0.445,Low
0.16,0.309,0.47,Low
0.155,0.31,0.485,Low
0.15,0.3235,0.48,Low
0.175,0.4,0.52,Low
0.175,0.405,0.525,Low
0.16,0.2215,0.445,Low
0.145,0.205,0.415,Low
0.15,0.206,0.435,Low
0.15,0.265,0.455,Low
0.145,0.2295,0.45,Low
0.15,0.24,0.47,Low
0.17,0.24,0.455,Low
0.16,0.2415,0.485,Low
0.135,0.2475,0.47,Low
0.2,0.2405,0.45,Low
0.185,0.286,0.48,Low
0.155,0.287,0.47,Low
0.16,0.34,0.525,Low
0.145,0.2685,0.565,Low
0.12,0.167,0.395,Low
0.15,0.219,0.445,Low
0.18,0.237,0.45,Low
0.12,0.1025,0.32,Low
0.125,0.142,0.37,Low
0.085,0.198,0.39,Low
0.145,0.2185,0.425,Low
0.125,0.149,0.4,Low
0.14,0.1735,0.4,Low
0.125,0.175,0.4,Low
0.15,0.249,0.445,Low
0.165,0.2385,0.46,Low
0.15,0.2335,0.455,Low
0.15,0.245,0.44,Low
0.155,0.25,0.455,Low
0.185,0.377,0.51,Low
0.14,0.215,0.485,Low
0.16,0.239,0.355,Low
0.145,0.2875,0.415,Low
0.165,0.268,0.455,Low
0.145,0.27,0.475,Low
0.135,0.252,0.395,Low
0.14,0.2105,0.41,Low
0.11,0.14,0.385,Low
0.14,0.214,0.435,Low
0.125,0.194,0.41,Low
0.14,0.27,0.48,Low
0.105,0.129,0.33,Low
0.13,0.135,0.35,Low
0.12,0.132,0.345,Low
0.135,0.1635,0.39,Low
0.1,0.1455,0.385,Low
0.125,0.1795,0.42,Low
0.12,0.2605,0.45,Low
0.165,0.372,0.48,Low
0.14,0.32,0.5,Low
0.1,0.175,0.35,Low
0.13,0.175,0.405,Low
0.115,0.15,0.375,Low
0.09,0.115,0.31,Low
0.115,0.135,0.34,Low
0.135,0.175,0.38,Low
0.115,0.135,0.335,Low
0.12,0.17,0.36,Low
0.08,0.13,0.325,Low
0.095,0.08,0.285,Low
0.11,0.1505,0.375,Low
0.13,0.211,0.4,Low
0.1,0.135,0.37,Low
0.125,0.195,0.425,Low
0.15,0.264,0.48,Low
0.155,0.292,0.47,Low
0.165,0.35,0.48,Low
0.185,0.4325,0.54,Low
0.11,0.15,0.38,Low
0.13,0.225,0.455,Low
0.15,0.249,0.47,Low
0.15,0.176,0.465,Low
0.115,0.1155,0.325,Low
0.09,0.28,0.48,Low
0.14,0.25,0.42,Low
0.13,0.25,0.5,Low
0.115,0.15,0.365,Low
0.15,0.255,0.465,Low
0.165,0.23,0.45,Low
0.15,0.29,0.465,Low
0.155,0.313,0.365,Low
0.155,0.2505,0.355,Low
0.15,0.276,0.485,Low
0.12,0.159,0.41,Low
0.11,0.1305,0.35,Low
0.18,0.3055,0.465,Low
0.145,0.203,0.415,Low
0.15,0.2315,0.42,Low
0.125,0.19,0.36,Low
0.1,0.0775,0.3,Low
0.175,0.255,0.415,Low
0.075,0.057,0.255,Low
0.105,0.075,0.28,Low
0.135,0.28,0.47,Low
0.13,0.135,0.37,Low
0.155,0.25,0.44,Low
0.19,0.365,0.505,Low
0.16,0.27,0.44,Low
0.145,0.23,0.44,Low
0.15,0.23,0.44,Low
0.13,0.1955,0.415,Low
0.145,0.225,0.44,Low
0.145,0.268,0.41,Low
0.115,0.1535,0.39,Low
0.135,0.2365,0.415,Low
0.15,0.275,0.47,Low
0.14,0.119,0.39,Low
0.135,0.28,0.465,Low
0.135,0.21,0.42,Low
0.135,0.2,0.415,Low
0.105,0.115,0.335,Low
0.16,0.245,0.425,Low
0.14,0.285,0.445,Low
0.13,0.165,0.355,Low
0.135,0.2,0.39,Low
0.105,0.13,0.395,Low
0.15,0.31,0.43,Low
0.105,0.14,0.365,Low
0.125,0.129,0.35,Low
0.11,0.117,0.325,Low
0.185,0.335,0.5,Low
0.17,0.29,0.46,Low
0.12,0.135,0.345,Low
0.14,0.16,0.34,Low
0.125,0.14,0.325,Low
0.15,0.19,0.375,Low
0.135,0.155,0.37,Low
0.12,0.15,0.355,Low
0.095,0.1,0.305,Low
0.16,0.275,0.42,Low
0.105,0.135,0.37,Low
0.12,0.175,0.365,Low
0.19,0.275,0.455,Low
0.135,0.2185,0.44,Low
0.115,0.1345,0.35,Low
0.11,0.11,0.335,Low
0.115,0.075,0.29,Low
0.14,0.225,0.43,Low
0.125,0.14,0.36,Low
0.105,0.123,0.33,Low
0.13,0.1845,0.39,Low
0.16,0.1635,0.39,Low
0.125,0.214,0.41,Low
0.14,0.2705,0.465,Low
0.165,0.2715,0.485,Low
0.155,0.42,0.525,Low
0.13,0.1785,0.39,Low
0.155,0.218,0.445,Low
0.14,0.275,0.43,Low
0.16,0.274,0.455,Low
0.16,0.249,0.46,Low
0.14,0.2515,0.46,Low
0.15,0.295,0.49,Low
0.165,0.315,0.5,Low
0.2,0.401,0.485,Low
0.16,0.1825,0.46,Low
0.175,0.2645,0.45,Low
0.165,0.238,0.47,Low
0.155,0.265,0.45,Low
0.16,0.2565,0.475,Low
0.165,0.292,0.47,Low
0.165,0.357,0.475,Low
0.15,0.2415,0.465,Low
0.155,0.285,0.475,Low
0.175,0.332,0.485,Low
0.015,0.2885,0.495,Low
0.19,0.4245,0.5,Low
0.205,0.353,0.505,Low
0.155,0.39,0.54,Low
0.17,0.3695,0.53,Low
0.19,0.3995,0.525,Low
0.17,0.301,0.55,Low
0.13,0.2075,0.41,Low
0.15,0.207,0.445,Low
0.125,0.2,0.405,Low
0.135,0.2655,0.46,Low
0.165,0.306,0.48,Low
0.175,0.335,0.475,Low
0.16,0.321,0.515,Low
0.17,0.345,0.485,Low
0.165,0.39,0.5,Low
0.175,0.323,0.495,Low
0.215,0.558,0.57,Low
0.135,0.161,0.38,Low
0.14,0.203,0.41,Low
0.15,0.1835,0.435,Low
0.175,0.3055,0.46,Low
0.14,0.2095,0.435,Low
0.15,0.2515,0.465,Low
0.16,0.288,0.455,Low
0.16,0.38,0.485,Low
0.17,0.3315,0.515,Low
0.205,0.4025,0.515,Low
0.16,0.3195,0.5,Low
0.15,0.27,0.44,Low
0.15,0.305,0.475,Low
0.145,0.275,0.455,Low
0.155,0.3345,0.47,Low
0.175,0.3,0.48,Low
0.17,0.38,0.49,Low
0.16,0.315,0.51,Low
0.155,0.335,0.495,Low
0.15,0.305,0.51,Low
0.15,0.2845,0.385,Low
0.2,0.466,0.52,Low
0.175,0.4215,0.535,Low
0.195,0.5015,0.55,Low
0.16,0.295,0.425,Low
0.12,0.234,0.44,Low
0.175,0.35,0.465,Low
0.155,0.22,0.43,Low
0.195,0.225,0.45,Low
0.145,0.3,0.455,Low
0.15,0.196,0.43,Low
0.13,0.185,0.405,Low
0.16,0.253,0.41,Low
0.13,0.1845,0.42,Low
0.16,0.231,0.43,Low
0.135,0.238,0.44,Low
0.16,0.2725,0.49,Low
0.125,0.335,0.425,Low
0.115,0.11,0.325,Low
0.15,0.29,0.47,Low
0.16,0.3,0.45,Low
0.125,0.185,0.4,Low
0.145,0.265,0.425,Low
0.165,0.25,0.4,Low
0.18,0.295,0.445,Low
0.12,0.15,0.365,Low
0.15,0.195,0.395,Low
0.09,0.095,0.3,Low
0.135,0.215,0.42,Low
0.105,0.149,0.36,Low
0.1,0.06,0.255,Low
0.105,0.0835,0.285,Low
0.08,0.07,0.26,Low
0.15,0.2485,0.44,Low
0.135,0.3175,0.475,Low
0.165,0.288,0.485,Low
0.18,0.4395,0.55,Low
0.15,0.2505,0.445,Low
0.155,0.31,0.47,Low
0.15,0.287,0.465,Low
0.175,0.3225,0.51,Low
0.16,0.3275,0.475,Low
0.165,0.3185,0.49,Low
0.145,0.2885,0.495,Low
0.185,0.341,0.5,Low
0.14,0.201,0.43,Low
0.14,0.18,0.4,Low
0.18,0.255,0.45,Low
0.16,0.2285,0.43,Low
0.17,0.2345,0.475,Low
0.155,0.246,0.47,Low
0.155,0.3095,0.49,Low
0.18,0.317,0.52,Low
0.155,0.3055,0.49,Low
0.165,0.36,0.505,Low
0.135,0.162,0.395,Low
0.155,0.23,0.435,Low
0.15,0.2705,0.425,Low
0.14,0.307,0.465,Low
0.19,0.3745,0.505,Low
0.17,0.475,0.525,Low
0.205,0.461,0.54,Low
0.135,0.1815,0.43,Low
0.14,0.21,0.42,Low
0.15,0.2035,0.415,Low
0.16,0.3485,0.485,Low
0.16,0.299,0.49,Low
0.14,0.2265,0.435,Low
0.17,0.248,0.45,Low
0.15,0.2895,0.45,Low
0.15,0.2775,0.45,Low
0.135,0.29,0.515,Low
0.15,0.277,0.475,Low
0.21,0.343,0.37,Low
0.14,0.2925,0.44,Low
0.11,0.2925,0.49,Low
0.17,0.354,0.51,Low
0.16,0.2875,0.46,Low
0.155,0.3155,0.49,Low
0.15,0.3355,0.5,Low
0.16,0.3225,0.49,Low
0.115,0.161,0.395,Low
0.13,0.223,0.4,Low
0.155,0.352,0.485,Low
0.1,0.185,0.39,Low
0.2,0.355,0.48,Low
0.09,0.12,0.35,Low
0.125,0.245,0.44,Low
0.115,0.22,0.41,Low
0.155,0.18,0.38,Low
0.125,0.145,0.35,Low
0.135,0.11,0.325,Low
0.16,0.337,0.465,Low
0.115,0.145,0.4,Low
0.195,0.353,0.48,Low
0.185,0.4375,0.58,Low
0.135,0.2215,0.43,Low
0.145,0.22,0.45,Low
0.165,0.289,0.47,Low
0.175,0.288,0.475,Low
0.175,0.4085,0.5,Low
0.16,0.271,0.475,Low
0.165,0.259,0.465,Low
0.165,0.294,0.46,Low
0.17,0.3205,0.47,Low
0.145,0.239,0.485,Low
0.175,0.374,0.5,Low
0.165,0.3095,0.475,Low
0.12,0.2065,0.405,Low
0.17,0.315,0.5,Low
0.175,0.37,0.5,Low
0.165,0.317,0.495,Low
0.195,0.375,0.505,Low
0.2,0.4165,0.54,Low
0.195,0.425,0.53,Low
0.18,0.311,0.415,Low
0.17,0.355,0.505,Low
0.165,0.3005,0.525,Low
0.145,0.245,0.43,Low
0.15,0.2985,0.46,Low
0.175,0.356,0.48,Low
0.135,0.274,0.455,Low
0.145,0.245,0.41,Low
0.145,0.32,0.475,Low
0.155,0.255,0.465,Low
0.19,0.265,0.44,Low
0.16,0.205,0.385,Low
0.115,0.17,0.4,Low
0.155,0.255,0.44,Low
0.18,0.3345,0.5,Low
0.14,0.2015,0.43,Low
0.175,0.37,0.525,Low
0.15,0.31,0.5,Low
0.18,0.305,0.49,Low
0.16,0.355,0.495,Low
0.175,0.37,0.52,Low
0.18,0.5385,0.565,Low
0.18,0.4525,0.42,Low
0.15,0.209,0.45,Low
0.175,0.3315,0.505,Low
0.14,0.271,0.455,Low
0.155,0.32,0.495,Low
0.135,0.259,0.44,Low
0.08,0.105,0.32,Low
0.08,0.042,0.205,Low
0.11,0.12,0.3,Low
0.08,0.04,0.225,Low
0.085,0.07,0.275,Low
0.12,0.14,0.375,Low
0.095,0.08,0.295,Low
0.105,0.08,0.28,Low
0.12,0.1045,0.34,Low
0.115,0.07,0.26,Low
0.125,0.12,0.39,Low
0.115,0.1335,0.365,Low
0.13,0.165,0.36,Low
0.115,0.1465,0.365,Low
0.125,0.172,0.365,Low
0.105,0.1525,0.355,Low
0.12,0.17,0.375,Low
0.125,0.1525,0.4,Low
0.14,0.1835,0.4,Low
0.125,0.169,0.39,Low
0.17,0.3595,0.5,Low
0.09,0.0745,0.29,Low
0.12,0.12,0.34,Low
0.105,0.12,0.33,Low
0.105,0.114,0.35,Low
0.125,0.165,0.37,Low
0.135,0.1565,0.38,Low
0.145,0.185,0.375,Low
0.14,0.196,0.41,Low
0.14,0.195,0.395,Low
0.135,0.175,0.4,Low
0.125,0.1905,0.395,Low
0.125,0.164,0.4,Low
0.13,0.167,0.415,Low
0.11,0.189,0.415,Low
0.13,0.21,0.425,Low
0.135,0.154,0.4,Low
0.14,0.229,0.42,Low
0.135,0.215,0.425,Low
0.14,0.23,0.43,Low
0.145,0.225,0.425,Low
0.135,0.236,0.425,Low
0.145,0.2165,0.425,Low
0.145,0.235,0.455,Low
0.135,0.23,0.445,Low
0.15,0.286,0.465,Low
0.11,0.1135,0.365,Low
0.14,0.116,0.345,Low
0.13,0.189,0.43,Low
0.12,0.147,0.37,Low
0.125,0.175,0.37,Low
0.14,0.169,0.375,Low
0.125,0.138,0.36,Low
0.145,0.165,0.41,Low
0.12,0.178,0.39,Low
0.145,0.195,0.4,Low
0.17,0.24,0.43,Low
0.14,0.25,0.425,Low
0.14,0.2295,0.43,Low
0.14,0.235,0.42,Low
0.13,0.18,0.4,Low
0.15,0.217,0.425,Low
0.13,0.17,0.395,Low
0.155,0.231,0.42,Low
0.17,0.25,0.435,Low
0.155,0.28,0.445,Low
0.125,0.235,0.45,Low
0.17,0.25,0.445,Low
0.125,0.235,0.445,Low
0.145,0.22,0.47,Low
0.125,0.26,0.465,Low
0.14,0.295,0.47,Low
0.15,0.278,0.485,Low
0.16,0.319,0.345,Low
0.105,0.1465,0.34,Low
0.115,0.15,0.37,Low
0.11,0.15,0.38,Low
0.14,0.168,0.415,Low
0.125,0.165,0.395,Low
0.12,0.1695,0.415,Low
0.145,0.175,0.4,Low
0.16,0.24,0.43,Low
0.13,0.183,0.395,Low
0.12,0.1875,0.405,Low
0.14,0.244,0.455,Low
0.135,0.192,0.395,Low
0.14,0.25,0.43,Low
0.175,0.22,0.45,Low
0.165,0.279,0.445,Low
0.145,0.255,0.435,Low
0.105,0.0735,0.27,Low
0.135,0.2035,0.455,Low
0.115,0.11,0.305,Low
0.09,0.1275,0.355,Low
0.11,0.095,0.31,Low
0.08,0.125,0.355,Low
0.125,0.145,0.37,Low
0.11,0.145,0.36,Low
0.11,0.125,0.35,Low
0.105,0.1,0.315,Low
0.1,0.1,0.33,Low
0.115,0.115,0.345,Low
0.12,0.1785,0.395,Low
0.11,0.0955,0.305,Low
0.095,0.055,0.24,Low
0.125,0.168,0.4,Low
0.135,0.175,0.395,Low
0.11,0.14,0.36,Low
0.125,0.21,0.385,Low
0.135,0.165,0.38,Low
0.12,0.19,0.375,Low
0.155,0.205,0.42,Low
0.15,0.2435,0.465,Low
0.145,0.22,0.42,Low
0.14,0.16,0.36,Low
0.13,0.1755,0.39,Low
0.125,0.2,0.425,Low
0.145,0.177,0.4,Low
0.13,0.222,0.435,Low
0.16,0.246,0.455,Low
0.135,0.26,0.45,Low
0.125,0.238,0.46,Low
0.135,0.253,0.445,Low
0.175,0.386,0.485,Low
0.105,0.12,0.32,Low
0.105,0.135,0.355,Low
0.11,0.16,0.375,Low
0.145,0.237,0.42,Low
0.135,0.2475,0.44,Low
0.16,0.24,0.445,Low
0.08,0.06,0.25,Low
0.12,0.115,0.35,Low
0.125,0.115,0.325,Low
0.12,0.135,0.355,Low
0.11,0.075,0.265,Low
0.1,0.08,0.265,Low
0.125,0.142,0.355,Low
0.125,0.15,0.355,Low
0.125,0.1645,0.365,Low
0.135,0.1855,0.4,Low
0.13,0.19,0.405,Low
0.13,0.1975,0.41,Low
0.13,0.2365,0.42,Low
0.125,0.1965,0.44,Low
0.115,0.1455,0.37,Low
0.1,0.135,0.335,Low
0.125,0.1355,0.35,Low
0.12,0.1745,0.39,Low
0.13,0.195,0.405,Low
0.13,0.215,0.425,Low
0.14,0.208,0.42,Low
0.135,0.221,0.4,Low
0.15,0.247,0.43,Low
0.145,0.217,0.45,Low
0.14,0.265,0.46,Low
0.105,0.1035,0.36,Low
0.12,0.1325,0.355,Low
0.12,0.179,0.39,Low
0.14,0.21,0.4,Low
0.135,0.265,0.45,Low
0.125,0.21,0.43,Low
0.14,0.2255,0.42,Low
0.125,0.245,0.45,Low
0.085,0.055,0.255,Low
0.075,0.045,0.225,Low
0.125,0.165,0.355,Low
0.135,0.145,0.365,Low
0.12,0.1775,0.385,Low
0.125,0.19,0.395,Low
0.125,0.206,0.435,Low
0.15,0.3095,0.465,Low
0.13,0.15,0.35,Low
0.135,0.185,0.415,Low
0.125,0.165,0.37,Low
0.1,0.115,0.32,Low
0.09,0.09,0.29,Low
0.12,0.14,0.37,Low
0.11,0.175,0.405,Low
0.14,0.315,0.475,Low
0.15,0.25,0.435,Low
0.125,0.155,0.395,Low
0.105,0.175,0.36,Low
0.105,0.165,0.35,Low
0.09,0.063,0.255,Low
0.095,0.0925,0.285,Low
0.14,0.205,0.405,Low
0.15,0.255,0.39,Low
0.125,0.19,0.355,Low
0.105,0.075,0.28,Low
0.17,0.22,0.455,Low
0.135,0.235,0.455,Low
0.09,0.085,0.3,Low
0.115,0.075,0.29,Low
0.095,0.085,0.3,Low
0.09,0.059,0.27,Low
0.075,0.06,0.24,Low
0.075,0.044,0.225,Low
0.1,0.075,0.295,Low
0.13,0.105,0.34,Low
0.145,0.17,0.375,Low
0.12,0.085,0.29,Low
0.125,0.1175,0.3,Low
0.08,0.063,0.255,Low
0.14,0.16,0.385,Low
0.095,0.07,0.27,Low
0.135,0.12,0.34,Low
0.18,0.1625,0.37,Low
0.11,0.122,0.335,Low
0.13,0.155,0.33,Low
0.125,0.166,0.4,Low
0.125,0.202,0.405,Low
0.145,0.2385,0.435,Low
0.15,0.2745,0.455,Low
0.165,0.3095,0.475,Low
0.16,0.325,0.455,Low
0.15,0.32,0.51,Low
0.165,0.315,0.5,Low
0.17,0.39,0.51,Low
0.165,0.405,0.52,Low
0.125,0.15,0.37,Low
0.125,0.155,0.41,Low
0.16,0.29,0.475,Low
0.13,0.237,0.49,Low
0.165,0.274,0.475,Low
0.15,0.27,0.455,Low
0.155,0.275,0.475,Low
0.16,0.3725,0.495,Low
0.19,0.5175,0.535,Low
0.145,0.185,0.4,Low
0.12,0.201,0.405,Low
0.12,0.19,0.41,Low
0.14,0.218,0.415,Low
0.145,0.234,0.43,Low
0.15,0.23,0.455,Low
0.15,0.25,0.46,Low
0.14,0.222,0.435,Low
0.135,0.26,0.455,Low
0.17,0.228,0.445,Low
0.145,0.22,0.445,Low
0.195,0.441,0.455,Low
0.135,0.22,0.445,Low
0.14,0.253,0.45,Low
0.145,0.235,0.46,Low
0.14,0.274,0.475,Low
0.145,0.2865,0.485,Low
0.165,0.267,0.47,Low
0.18,0.446,0.565,Low
0.135,0.2065,0.42,Low
0.155,0.2045,0.42,Low
0.15,0.194,0.435,Low
0.15,0.248,0.43,Low
0.14,0.255,0.44,Low
0.125,0.275,0.435,Low
0.155,0.235,0.465,Low
0.18,0.31,0.47,Low
0.175,0.3,0.48,Low
0.17,0.315,0.455,Low
0.19,0.375,0.51,Low
0.205,0.461,0.545,Low
0.115,0.103,0.315,Low
0.105,0.1555,0.385,Low
0.16,0.215,0.425,Low
0.15,0.238,0.465,Low
0.2,0.357,0.465,Low
0.165,0.312,0.48,Low
0.145,0.276,0.47,Low
0.15,0.305,0.455,Low
0.155,0.225,0.4,Low
0.125,0.215,0.44,Low
0.14,0.245,0.45,Low
0.16,0.239,0.445,Low
0.165,0.2725,0.48,Low
0.165,0.275,0.47,Low
0.16,0.2945,0.47,Low
0.17,0.31,0.47,Low
0.175,0.311,0.475,Low
0.17,0.354,0.5,Low
0.17,0.3,0.505,Low
0.19,0.48,0.51,Low
0.16,0.317,0.51,Low
0.15,0.33,0.485,Low
0.16,0.3665,0.51,Low
0.165,0.341,0.5,Low
0.175,0.315,0.5,Low
0.155,0.2365,0.37,Low
0.15,0.296,0.37,Low
0.155,0.273,0.35,Low
0.175,0.29,0.455,Low
0.165,0.251,0.465,Low
0.175,0.343,0.475,Low
0.175,0.3185,0.495,Low
0.16,0.315,0.5,Low
0.135,0.235,0.455,Low
0.16,0.246,0.45,Low
0.175,0.283,0.44,Low
0.13,0.2265,0.45,Low
0.155,0.235,0.45,Low
0.145,0.269,0.475,Low
0.16,0.2485,0.44,Low
0.15,0.2685,0.47,Low
0.15,0.355,0.49,Low
0.15,0.325,0.47,Low
0.17,0.361,0.515,Low
0.155,0.289,0.49,Low
0.155,0.34,0.49,Low
0.17,0.348,0.52,Low
0.12,0.167,0.39,Low
0.14,0.168,0.4,Low
0.13,0.1765,0.41,Low
0.145,0.2475,0.445,Low
0.16,0.2625,0.46,Low
0.195,0.386,0.515,Low
0.135,0.2385,0.39,Low
0.13,0.213,0.41,Low
0.15,0.262,0.465,Low
0.15,0.339,0.495,Low
0.1,0.085,0.29,Low
0.14,0.295,0.455,Low
0.11,0.13,0.35,Low
0.105,0.135,0.35,Low
0.12,0.13,0.34,Low
0.14,0.205,0.375,Low
0.13,0.17,0.405,Low
0.13,0.155,0.375,Low
0.13,0.195,0.375,Low
0.095,0.07,0.255,Low
0.125,0.145,0.355,Low
0.14,0.14,0.355,Low
0.105,0.096,0.305,Low
0.12,0.105,0.325,Low
0.13,0.105,0.305,Low
0.19,0.199,0.425,Low
0.12,0.2235,0.42,Low
0.16,0.292,0.455,Low
0.16,0.335,0.48,Low
0.105,0.1225,0.34,Low
0.12,0.172,0.395,Low
0.14,0.213,0.435,Low
0.15,0.29,0.46,Low
0.16,0.3165,0.49,Low
0.19,0.391,0.52,Low
0.12,0.145,0.38,Low
0.13,0.213,0.43,Low
0.135,0.25,0.45,Low
0.14,0.26,0.46,Low
0.165,0.3345,0.47,Low
0.14,0.227,0.46,Low
0.155,0.31,0.49,Low
0.16,0.335,0.515,Low
0.15,0.285,0.48,Low
0.125,0.3275,0.515,Low
0.175,0.336,0.52,Low
0.155,0.335,0.51,Low
0.2,0.5085,0.55,Low
0.145,0.254,0.47,Low
0.145,0.24,0.45,Low
0.185,0.315,0.51,Low
0.155,0.365,0.52,Low
0.19,0.52,0.57,Low
0.13,0.1535,0.365,Low
0.105,0.1985,0.4,Low
0.16,0.27,0.445,Low
0.155,0.2595,0.47,Low
0.155,0.31,0.485,Low
0.16,0.31,0.435,Low
0.175,0.285,0.475,Low
0.15,0.345,0.5,Low
0.18,0.3745,0.49,Low
0.18,0.315,0.53,Low
0.17,0.387,0.525,Low
0.195,0.425,0.525,Low
0.15,0.1965,0.425,Low
0.135,0.1975,0.425,Low
0.175,0.322,0.475,Low
0.17,0.33,0.485,Low
0.16,0.2835,0.485,Low
0.145,0.264,0.45,Low
0.15,0.276,0.47,Low
0.165,0.235,0.435,Low
0.15,0.245,0.405,Low
0.14,0.289,0.48,Low
0.18,0.387,0.5,Low
0.13,0.184,0.4,Low
0.12,0.1345,0.415,Low
0.15,0.2505,0.48,Low
0.135,0.2365,0.45,Low
0.125,0.185,0.35,Low
0.1,0.135,0.335,Low
0.125,0.175,0.395,Low
0.11,0.215,0.435,Low
0.12,0.145,0.355,Low
0.095,0.07,0.265,Low
0.09,0.1,0.305,Low
0.11,0.185,0.385,Low
0.13,0.193,0.405,Low
0.09,0.0655,0.26,Low
0.095,0.09,0.315,Low
0.1,0.09,0.3,Low
0.085,0.07,0.285,Low
0.12,0.185,0.395,Low
0.15,0.265,0.46,Low
0.155,0.2785,0.47,Low
0.155,0.31,0.475,Low
0.165,0.2825,0.485,Low
0.17,0.354,0.5,Low
0.175,0.271,0.47,Low
0.18,0.38,0.505,Low
0.155,0.2575,0.45,Low
0.165,0.279,0.47,Low
0.16,0.29,0.48,Low
0.16,0.302,0.485,Low
0.16,0.215,0.45,Low
0.19,0.3285,0.475,Low
0.16,0.228,0.46,Low
0.125,0.215,0.41,Low
0.14,0.212,0.41,Low
0.145,0.205,0.405,Low
0.1,0.185,0.355,Low
0.1,0.13,0.34,Low
0.165,0.305,0.48,Low
0.12,0.15,0.36,Low
0.13,0.2,0.41,Low
0.12,0.17,0.39,Low
0.15,0.305,0.47,Low
0.165,0.39,0.495,Low
0.125,0.155,0.375,Low
0.125,0.22,0.4,Low
0.155,0.2475,0.445,Low
0.145,0.2665,0.45,Low
0.125,0.174,0.38,Low
0.19,0.45,0.515,Low
0.16,0.355,0.485,Low
0.16,0.3,0.45,Low
0.175,0.325,0.475,Low
0.185,0.38,0.5,Low
0.14,0.195,0.4,Low
0.145,0.22,0.365,Low
0.17,0.285,0.415,Low
0.16,0.24,0.435,Low
0.13,0.15,0.36,Low
0.12,0.265,0.455,Low
0.16,0.25,0.45,Low
0.125,0.18,0.375,Low
0.14,0.24,0.395,Low
0.14,0.2,0.415,Low
0.105,0.12,0.325,Low
0.12,0.177,0.405,Low
0.16,0.2765,0.415,Low
0.14,0.135,0.35,Low
0.145,0.21,0.38,Low
0.115,0.0885,0.29,Low
0.105,0.085,0.29,Low
0.175,0.27,0.435,Low
0.11,0.0835,0.315,Low
0.095,0.125,0.335,Low
0.11,0.075,0.28,Low
0.13,0.12,0.34,Low
0.095,0.08,0.295,Low
0.09,0.0765,0.26,Low
0.16,0.263,0.465,Low
0.135,0.1685,0.375,Low
0.13,0.13,0.34,Low
0.135,0.2375,0.44,Low
0.15,0.2765,0.45,Low
0.15,0.33,0.48,Low
0.155,0.3205,0.475,Low
0.175,0.3985,0.475,Low
0.15,0.345,0.52,Low
0.15,0.31,0.5,Low
0.16,0.413,0.585,Low
0.17,0.365,0.48,Low
0.175,0.349,0.475,Low
0.175,0.4,0.5,Low
0.155,0.3185,0.5,Low
0.16,0.3,0.5,Low
0.15,0.385,0.515,Low
0.175,0.403,0.51,Low
0.225,0.435,0.57,Low
0.175,0.503,0.535,Low
0.16,0.2575,0.45,Low
0.17,0.305,0.48,Low
0.175,0.364,0.51,Low
0.195,0.5375,0.58,Low
0.2,0.5215,0.55,Low
0.145,0.2175,0.42,Low
0.155,0.2695,0.445,Low
0.135,0.2125,0.42,Low
0.15,0.2255,0.465,Low
0.145,0.269,0.455,Low
0.155,0.2895,0.475,Low
0.155,0.355,0.475,Low
0.15,0.354,0.5,Low
0.16,0.33,0.475,Low
0.17,0.391,0.51,Low
0.19,0.3985,0.525,Low
0.19,0.383,0.52,Low
0.21,0.3925,0.495,Low
0.17,0.3575,0.515,Low
0.18,0.435,0.53,Low
0.175,0.3745,0.505,Low
0.175,0.329,0.5,Low
0.225,0.3245,0.49,Low
0.145,0.315,0.505,Low
0.175,0.415,0.515,Low
0.175,0.495,0.545,Low
0.18,0.395,0.515,Low
0.155,0.34,0.47,Low
0.14,0.253,0.445,Low
0.18,0.325,0.48,Low
0.16,0.28,0.465,Low
0.16,0.379,0.475,Low
0.175,0.3705,0.485,Low
0.175,0.305,0.49,Low
0.165,0.36,0.505,Low
0.19,0.36,0.51,Low
0.155,0.354,0.55,Low
0.195,0.3965,0.51,Low
0.205,0.435,0.54,Low
0.2,0.403,0.415,Low
0.165,0.3345,0.38,Low
0.17,0.4155,0.43,Low
0.145,0.315,0.455,Low
0.15,0.291,0.475,Low
0.175,0.389,0.53,Low
0.185,0.3965,0.55,Low
0.12,0.195,0.4,Low
0.165,0.3005,0.5,Low
0.145,0.2985,0.46,Low
0.145,0.34,0.48,Low
0.165,0.41,0.515,Low
0.185,0.3985,0.51,Low
0.175,0.394,0.525,Low
0.205,0.49,0.535,Low
0.15,0.3595,0.5,Low
0.22,0.4395,0.535,Low
0.15,0.2675,0.47,Low
0.15,0.245,0.435,Low
0.14,0.2425,0.45,Low
0.14,0.2365,0.385,Low
0.19,0.3375,0.47,Low
0.21,0.4275,0.525,Low
0.185,0.488,0.57,Low
0.15,0.28,0.5,Low
0.18,0.4935,0.555,Low
0.115,0.115,0.31,Low
0.125,0.185,0.4,Low
0.125,0.215,0.41,Low
0.175,0.31,0.455,Low
0.125,0.16,0.36,Low
0.14,0.195,0.37,Low
0.14,0.175,0.35,Low
0.11,0.105,0.325,Low
0.13,0.175,0.385,Low
0.155,0.285,0.475,Low
0.145,0.285,0.415,Low
0.13,0.21,0.405,Low
0.15,0.23,0.425,Low
0.105,0.1,0.305,Low
0.09,0.0735,0.265,Low
0.185,0.32,0.46,Low
0.115,0.167,0.375,Low
0.12,0.16,0.36,Low
0.11,0.095,0.315,Low
0.125,0.18,0.385,Low
0.125,0.145,0.33,Low
0.165,0.3205,0.395,Low
0.155,0.33,0.49,Low
0.19,0.43,0.525,Low
0.165,0.435,0.57,Low
0.16,0.315,0.485,Low
0.165,0.355,0.5,Low
0.175,0.345,0.485,Low
0.155,0.4175,0.55,Low
0.205,0.624,0.56,Low
0.15,0.293,0.48,Low
0.175,0.344,0.535,Low
0.15,0.199,0.415,Low
0.155,0.265,0.445,Low
0.15,0.2745,0.46,Low
0.165,0.324,0.48,Low
0.155,0.265,0.475,Low
0.15,0.2765,0.455,Low
0.17,0.287,0.48,Low
0.18,0.435,0.55,Low
0.17,0.3135,0.48,Low
0.165,0.3185,0.495,Low
0.145,0.28,0.49,Low
0.165,0.3885,0.48,Low
0.185,0.34,0.485,Low
0.18,0.3605,0.525,Low
0.175,0.325,0.51,Low
0.15,0.2875,0.4,Low
0.17,0.3315,0.5,Low
0.175,0.326,0.505,Low
0.14,0.2315,0.47,Low
0.155,0.2425,0.435,Low
0.18,0.401,0.53,Low
0.135,0.208,0.4,Low
0.135,0.236,0.45,Low
0.19,0.1625,0.495,Low
0.17,0.3105,0.49,Low
0.17,0.3725,0.53,Low
0.165,0.396,0.505,Low
0.16,0.215,0.405,Low
0.165,0.335,0.48,Low
0.13,0.119,0.32,Low
0.115,0.12,0.335,Low
0.15,0.225,0.435,Low
0.125,0.08,0.305,Low
0.11,0.125,0.36,Low
0.125,0.155,0.375,Low
0.15,0.125,0.33,Low
0.165,0.37,0.475,Low
0.185,0.43,0.545,Low
0.175,0.3455,0.495,Low
0.17,0.405,0.47,Low
0.23,0.565,0.585,Low
0.18,0.322,0.51,Low
0.175,0.355,0.52,Low
0.175,0.308,0.45,Low
0.145,0.2425,0.465,Low
0.17,0.31,0.475,Low
0.165,0.31,0.48,Low
0.16,0.319,0.475,Low
0.17,0.27,0.465,Low
0.195,0.3905,0.525,Low
0.14,0.2225,0.425,Low
0.125,0.205,0.41,Low
0.145,0.2845,0.465,Low
0.135,0.2575,0.44,Low
0.155,0.3085,0.46,Low
0.16,0.309,0.5,Low
0.15,0.35,0.49,Low
0.195,0.3825,0.52,Low
0.175,0.3885,0.51,Low
0.17,0.398,0.53,Low
0.17,0.44,0.53,Low
0.19,0.4095,0.42,Low
0.14,0.2735,0.44,Low
0.155,0.342,0.51,Low
0.175,0.39,0.505,Low
0.175,0.465,0.535,Low
0.185,0.4575,0.52,Low
0.175,0.275,0.42,Low
0.165,0.195,0.43,Low
0.13,0.3,0.455,Low
0.15,0.275,0.46,Low
0.125,0.12,0.375,Low
0.16,0.225,0.41,Low
0.065,0.07,0.275,Low
0.155,0.263,0.44,Low
0.195,0.585,0.575,Low
0.17,0.34,0.525,Low
0.195,0.4715,0.58,Low
0.165,0.236,0.46,Low
0.155,0.239,0.425,Low
0.165,0.36,0.485,Low
0.18,0.35,0.5,Low
0.185,0.437,0.56,Low
0.17,0.31,0.48,Low
0.155,0.2585,0.465,Low
0.175,0.347,0.495,Low
0.19,0.424,0.535,Low
0.15,0.296,0.485,Low
0.1,0.085,0.275,Low
0.105,0.1,0.38,Low
0.085,0.06,0.26,Low
0.1,0.105,0.325,Low
0.11,0.085,0.275,Low
0.1,0.085,0.295,Low
0.11,0.0995,0.31,Low
0.185,0.34,0.53,Low
0.14,0.145,0.37,Low
0.15,0.16,0.385,Low
0.15,0.345,0.475,Low
0.14,0.26,0.425,Low
0.17,0.195,0.425,Low
0.13,0.136,0.37,Low
0.14,0.1895,0.42,Low
0.13,0.245,0.435,Low
0.13,0.18,0.4,Low
0.155,0.192,0.42,Low
0.15,0.2545,0.43,Low
0.14,0.2325,0.435,Low
0.155,0.28,0.43,Low
0.145,0.2215,0.45,Low
0.13,0.202,0.44,Low
0.16,0.285,0.475,Low
0.15,0.27,0.475,Low
0.145,0.28,0.475,Low
0.115,0.147,0.36,Low
0.105,0.1275,0.35,Low
0.135,0.2135,0.43,Low
0.13,0.225,0.425,Low
0.15,0.236,0.445,Low
0.145,0.2815,0.43,Low
0.135,0.239,0.425,Low
0.135,0.254,0.45,Low
0.145,0.265,0.45,Low
0.135,0.2965,0.45,Low
0.14,0.209,0.325,Low
0.13,0.213,0.45,Low
0.135,0.245,0.415,Low
0.15,0.235,0.42,Low
0.115,0.143,0.385,Low
0.14,0.244,0.425,Low
0.14,0.238,0.435,Low
0.155,0.25,0.46,Low
0.135,0.225,0.45,Low
0.145,0.242,0.44,Low
0.165,0.352,0.49,Low
0.135,0.2925,0.49,Low
0.15,0.3305,0.52,Low
0.105,0.145,0.375,Low
0.1,0.085,0.29,Low
0.105,0.125,0.305,Low
0.1,0.095,0.31,Low
0.14,0.2215,0.375,Low
0.12,0.1625,0.365,Low
0.125,0.1615,0.365,Low
0.145,0.225,0.43,Low
0.145,0.236,0.425,Low
0.135,0.203,0.425,Low
0.14,0.245,0.44,Low
0.145,0.295,0.46,Low
0.11,0.1765,0.415,Low
0.15,0.208,0.43,Low
0.145,0.259,0.475,Low
0.155,0.3,0.48,Low
0.15,0.21,0.405,Low
0.115,0.08,0.3,Low
0.105,0.17,0.375,Low
0.11,0.13,0.34,Low
0.15,0.19,0.405,Low
0.155,0.2425,0.425,Low
0.14,0.27,0.46,Low
0.14,0.238,0.46,Low
0.125,0.168,0.405,Low
0.155,0.2595,0.45,Low
0.15,0.236,0.415,Low
0.135,0.287,0.47,Low
0.15,0.255,0.375,Low
0.14,0.1945,0.41,Low
0.145,0.22,0.4,Low
0.145,0.26,0.45,Low
0.1,0.075,0.27,Low
0.14,0.253,0.4,Low
0.22,0.655,0.55,Low
0.125,0.172,0.385,Low
0.155,0.19,0.415,Low
0.15,0.215,0.45,Low
0.155,0.2755,0.475,Low
0.11,0.26,0.445,Low
0.14,0.24,0.425,Low
0.17,0.315,0.47,Low
0.115,0.156,0.365,Low
0.125,0.155,0.365,Low
0.11,0.135,0.35,Low
0.165,0.33,0.47,Low
0.13,0.16,0.36,Low
0.16,0.26,0.44,Low
0.14,0.205,0.415,Low
0.105,0.165,0.34,Low
0.13,0.17,0.375,Low
0.12,0.1565,0.35,Low
0.13,0.21,0.405,Low
0.185,0.285,0.46,Low
0.14,0.255,0.405,Low
0.135,0.165,0.36,Low
0.16,0.345,0.46,Low
0.155,0.205,0.435,Low
0.145,0.275,0.435,Low
0.1,0.12,0.35,Low
0.145,0.25,0.42,Low
0.135,0.2,0.4,Low
0.135,0.235,0.425,Low
0.135,0.145,0.38,Low
0.125,0.18,0.375,Low
0.175,0.305,0.45,Low
0.065,0.06,0.255,Low
0.1,0.081,0.285,Low
0.08,0.054,0.255,Low
0.085,0.065,0.265,Low
0.125,0.158,0.365,Low
0.14,0.175,0.37,Low
0.14,0.185,0.4,Low
0.15,0.19,0.375,Low
0.14,0.144,0.325,Low
0.13,0.1005,0.295,Low
0.085,0.1,0.305,Low
0.125,0.175,0.39,Low
0.09,0.125,0.345,Low
0.12,0.14,0.355,Low
0.14,0.185,0.38,Low
0.145,0.255,0.435,Low
0.135,0.185,0.34,Low
0.125,0.115,0.335,Low
0.135,0.155,0.38,Low
0.15,0.2875,0.45,Low
0.155,0.265,0.45,Low
0.13,0.194,0.435,Low
0.19,0.4,0.52,Low
0.155,0.295,0.45,Low
0.155,0.343,0.45,Low
0.15,0.2835,0.455,Low
0.155,0.3295,0.475,Low
0.175,0.405,0.49,Low
0.185,0.3745,0.525,Low
0.155,0.335,0.505,Low
0.185,0.477,0.525,Low
0.195,0.485,0.495,Low
0.2,0.48,0.505,Low
0.175,0.4135,0.565,Low
0.15,0.2165,0.425,Low
0.155,0.225,0.465,Low
0.17,0.317,0.48,Low
0.17,0.27,0.46,Low
0.175,0.3425,0.5,Low
0.165,0.358,0.515,Low
0.195,0.3735,0.53,Low
0.165,0.4,0.52,Low
0.185,0.4375,0.56,Low
0.19,0.42,0.535,Low
0.205,0.595,0.58,Low
0.17,0.2705,0.435,Low
0.155,0.22,0.46,Low
0.155,0.2955,0.46,Low
0.135,0.204,0.455,Low
0.185,0.335,0.49,Low
0.165,0.274,0.46,Low
0.165,0.295,0.47,Low
0.15,0.2885,0.475,Low
0.155,0.275,0.455,Low
0.17,0.309,0.475,Low
0.14,0.315,0.49,Low
0.15,0.25,0.45,Low
0.17,0.3035,0.475,Low
0.17,0.347,0.48,Low
0.16,0.275,0.46,Low
0.165,0.34,0.47,Low
0.17,0.295,0.5,Low
0.17,0.3,0.475,Low
0.175,0.39,0.51,Low
0.16,0.3455,0.49,Low
0.17,0.3665,0.475,Low
0.155,0.31,0.51,Low
0.18,0.4075,0.525,Low
0.195,0.3725,0.5,Low
0.175,0.365,0.49,Low
0.515,0.512,0.565,Low
0.155,0.25,0.485,Low
0.175,0.3465,0.52,Low
0.175,0.4,0.515,Low
0.165,0.345,0.505,Low
0.175,0.345,0.51,Low
0.19,0.415,0.5,Low
0.165,0.388,0.56,Low
0.18,0.446,0.57,Low
0.14,0.269,0.455,Low
0.14,0.259,0.435,Low
0.135,0.2645,0.425,Low
0.15,0.219,0.43,Low
0.185,0.355,0.47,Low
0.155,0.295,0.46,Low
0.13,0.2285,0.43,Low
0.165,0.309,0.49,Low
0.14,0.217,0.45,Low
0.145,0.2535,0.45,Low
0.16,0.2635,0.47,Low
0.155,0.266,0.475,Low
0.16,0.28,0.47,Low
0.16,0.3105,0.475,Low
0.165,0.3035,0.485,Low
0.18,0.3685,0.515,Low
0.15,0.335,0.505,Low
0.195,0.3745,0.51,Low
0.175,0.415,0.5,Low
0.18,0.365,0.55,Low
0.195,0.495,0.53,Low
0.195,0.4125,0.52,Low
0.175,0.54,0.565,Low
0.2,0.485,0.57,Low
0.17,0.276,0.365,Low
0.16,0.344,0.42,Low
0.185,0.2485,0.44,Low
0.145,0.258,0.455,Low
0.15,0.297,0.475,Low
0.145,0.2565,0.47,Low
0.16,0.3075,0.485,Low
0.19,0.378,0.545,Low
0.135,0.239,0.435,Low
0.145,0.27,0.445,Low
0.15,0.2795,0.44,Low
0.15,0.223,0.455,Low
0.15,0.3105,0.475,Low
0.18,0.321,0.47,Low
0.2,0.3885,0.495,Low
0.185,0.3535,0.505,Low
0.165,0.3535,0.515,Low
0.155,0.384,0.54,Low
0.155,0.4075,0.535,Low
0.135,0.145,0.365,Low
0.115,0.1535,0.385,Low
0.165,0.275,0.465,Low
0.16,0.341,0.49,Low
0.13,0.245,0.425,Low
0.185,0.285,0.48,Low
0.105,0.155,0.37,Low
0.11,0.1505,0.355,Low
0.135,0.265,0.44,Low
0.125,0.23,0.465,Low
0.13,0.165,0.36,Low
0.175,0.32,0.46,Low
0.135,0.195,0.405,Low
0.12,0.185,0.375,Low
0.09,0.07,0.275,Low
0.09,0.069,0.29,Low
0.09,0.0605,0.25,Low
0.08,0.045,0.225,Low
0.105,0.113,0.315,Low
0.17,0.255,0.415,Low
0.09,0.06,0.26,Low
0.185,0.361,0.49,Low
0.175,0.309,0.475,Low
0.185,0.384,0.5,Low
0.17,0.3385,0.48,Low
0.215,0.584,0.6,Low
0.21,0.491,0.49,Low
0.175,0.2725,0.475,Low
0.15,0.305,0.48,Low
0.145,0.327,0.48,Low
0.175,0.375,0.51,Low
0.165,0.3755,0.515,Low
0.175,0.47,0.525,Low
0.155,0.245,0.43,Low
0.175,0.3265,0.44,Low
0.165,0.274,0.465,Low
0.14,0.275,0.475,Low
0.14,0.278,0.475,Low
0.185,0.29,0.48,Low
0.14,0.295,0.5,Low
0.165,0.3465,0.49,Low
0.195,0.465,0.525,Low
0.15,0.3175,0.485,Low
0.17,0.285,0.495,Low
0.08,0.175,0.515,Low
0.205,0.404,0.55,Low
0.16,0.307,0.45,Low
0.19,0.26,0.475,Low
0.175,0.337,0.475,Low
0.165,0.294,0.49,Low
0.16,0.3,0.485,Low
0.21,0.5315,0.57,Low
0.15,0.2525,0.405,Low
0.15,0.305,0.46,Low
0.155,0.265,0.47,Low
0.17,0.265,0.46,Low
0.195,0.3605,0.45,Low
0.15,0.2615,0.455,Low
0.195,0.3745,0.475,Low
0.165,0.3115,0.515,Low
0.12,0.233,0.49,Low
0.18,0.355,0.485,Low
0.175,0.365,0.54,Low
0.19,0.41,0.505,Low
0.19,0.389,0.405,Low
0.185,0.416,0.505,Low
0.19,0.38,0.42,Low
0.145,0.2845,0.45,Low
0.14,0.237,0.445,Low
0.18,0.4695,0.495,Low
0.155,0.4485,0.525,Low
0.165,0.4055,0.51,Low
0.14,0.174,0.355,Low
0.12,0.1545,0.38,Low
0.125,0.121,0.43,Low
0.2,0.421,0.525,Low
0.135,0.1455,0.405,Low
0.15,0.323,0.46,Low
0.105,0.19,0.36,Low
0.14,0.23,0.4,Low
0.165,0.3,0.44,Low
0.155,0.35,0.45,Low
0.165,0.52,0.505,Low
0.12,0.125,0.34,Low
0.09,0.0485,0.265,Low
0.09,0.055,0.235,Low
0.16,0.26,0.44,Low
0.13,0.32,0.435,Low
0.135,0.25,0.43,Low
0.17,0.409,0.51,Low
0.155,0.295,0.495,Low
0.18,0.372,0.525,Low
0.16,0.2185,0.42,Low
0.145,0.255,0.46,Low
0.175,0.325,0.47,Low
0.18,0.3135,0.495,Low
0.18,0.43,0.525,Low
0.18,0.449,0.545,Low
0.155,0.277,0.47,Low
0.17,0.365,0.495,Low
0.145,0.325,0.515,Low
0.18,0.365,0.46,Low
0.165,0.335,0.505,Low
0.175,0.405,0.53,Low
0.19,0.48,0.53,Low
0.2,0.4305,0.525,Low
0.16,0.305,0.47,Low
0.19,0.2935,0.45,Low
0.155,0.35,0.525,Low
0.165,0.305,0.48,Low
0.16,0.32,0.495,Low
0.14,0.3,0.44,High
0.185,0.285,0.45,High
0.135,0.26,0.445,High
0.14,0.285,0.425,High
0.165,0.28,0.43,High
0.125,0.21,0.41,High
0.115,0.18,0.415,High
0.135,0.22,0.375,High
0.16,0.315,0.48,High
0.15,0.21,0.41,High
0.145,0.18,0.35,High
0.15,0.155,0.355,High
0.165,0.35,0.465,High
0.155,0.26,0.475,High
0.13,0.16,0.38,High
0.135,0.25,0.425,High
0.12,0.28,0.46,High
0.155,0.255,0.49,High
0.135,0.235,0.41,High
0.12,0.181,0.405,High
0.155,0.41,0.51,High
0.155,0.345,0.525,High
0.115,0.131,0.355,High
0.115,0.155,0.35,High
0.15,0.2185,0.415,High
0.115,0.0985,0.32,High
0.14,0.35,0.475,High
0.175,0.365,0.49,High
0.1,0.11,0.305,High
0.185,0.33,0.475,High
0.115,0.19,0.375,High
0.115,0.11,0.325,High
0.155,0.233,0.43,High
0.165,0.2965,0.455,High
0.11,0.117,0.345,High
0.14,0.21,0.42,High
0.16,0.3685,0.505,High
0.155,0.411,0.49,High
0.2,0.381,0.49,High
0.195,0.415,0.56,High
0.16,0.475,0.54,High
0.22,0.455,0.56,High
0.155,0.155,0.47,High
0.15,0.25,0.45,High
0.18,0.388,0.51,High
0.165,0.315,0.495,High
0.17,0.409,0.5,High
0.185,0.441,0.505,High
0.185,0.405,0.525,High
0.22,0.6,0.6,High
0.185,0.476,0.53,High
0.18,0.4525,0.56,High
0.21,0.545,0.57,High
0.21,0.6785,0.625,High
0.215,0.586,0.63,High
0.155,0.28,0.465,High
0.175,0.3045,0.505,High
0.165,0.349,0.505,High
0.22,0.435,0.59,High
0.225,0.3725,0.53,High
0.19,0.4975,0.565,High
0.17,0.45,0.55,High
0.2,0.595,0.6,High
0.19,0.52,0.58,High
0.165,0.2765,0.485,High
0.17,0.305,0.485,High
0.165,0.335,0.505,High
0.215,0.444,0.54,High
0.17,0.32,0.55,High
0.18,0.431,0.505,High
0.165,0.357,0.54,High
0.195,0.363,0.505,High
0.16,0.32,0.505,High
0.195,0.465,0.54,High
0.2,0.4705,0.51,High
0.175,0.438,0.565,High
0.17,0.265,0.545,High
0.19,0.5655,0.56,High
0.215,0.575,0.565,High
0.15,0.3005,0.475,High
0.185,0.4375,0.515,High
0.125,0.23,0.445,High
0.135,0.264,0.47,High
0.16,0.298,0.465,High
0.165,0.294,0.47,High
0.17,0.34,0.495,High
0.16,0.304,0.445,High
0.18,0.375,0.52,High
0.145,0.265,0.47,High
0.165,0.3395,0.485,High
0.165,0.412,0.52,High
0.155,0.345,0.505,High
0.185,0.3255,0.485,High
0.18,0.497,0.515,High
0.185,0.4245,0.51,High
0.205,0.488,0.57,High
0.195,0.44,0.55,High
0.15,0.356,0.485,High
0.115,0.21,0.385,High
0.125,0.165,0.385,High
0.12,0.13,0.35,High
0.195,0.49,0.565,High
0.12,0.125,0.32,High
0.2,0.36,0.5,High
0.12,0.265,0.455,High
0.17,0.25,0.47,High
0.175,0.265,0.44,High
0.105,0.132,0.345,High
0.165,0.38,0.485,High
0.14,0.14,0.335,High
0.14,0.215,0.405,High
0.185,0.3065,0.51,High
0.145,0.187,0.38,High
0.18,0.431,0.5,High
0.15,0.289,0.465,High
0.2,0.38,0.495,High
0.18,0.37,0.495,High
0.195,0.37,0.495,High
0.19,0.405,0.53,High
0.145,0.25,0.465,High
0.13,0.272,0.45,High
0.17,0.2875,0.495,High
0.2,0.422,0.525,High
0.19,0.405,0.525,High
0.155,0.385,0.515,High
0.17,0.331,0.515,High
0.18,0.3875,0.565,High
0.125,0.195,0.44,High
0.175,0.3165,0.475,High
0.16,0.355,0.5,High
0.19,0.406,0.485,High
0.17,0.317,0.52,High
0.205,0.4535,0.5,High
0.21,0.41,0.43,High
0.18,0.363,0.525,High
0.17,0.37,0.515,High
0.14,0.291,0.45,High
0.16,0.384,0.495,High
0.155,0.355,0.515,High
0.165,0.3825,0.505,High
0.145,0.3015,0.485,High
0.17,0.3415,0.455,High
0.185,0.406,0.52,High
0.195,0.545,0.56,High
0.2,0.471,0.535,High
0.22,0.455,0.555,High
0.2,0.48,0.575,High
0.15,0.235,0.43,High
0.105,0.13,0.375,High
0.18,0.18,0.405,High
0.15,0.235,0.415,High
0.175,0.37,0.485,High
0.135,0.185,0.385,High
0.155,0.28,0.475,High
0.15,0.178,0.375,High
0.19,0.49,0.525,High
0.18,0.2,0.34,High
0.125,0.145,0.35,High
0.15,0.316,0.475,High
0.16,0.345,0.495,High
0.165,0.4265,0.52,High
0.19,0.348,0.49,High
0.165,0.32,0.5,High
0.175,0.385,0.54,High
0.2,0.461,0.575,High
0.175,0.398,0.56,High
0.185,0.468,0.545,High
0.155,0.39,0.475,High
0.195,0.432,0.52,High
0.17,0.3045,0.49,High
0.155,0.32,0.42,High
0.195,0.47,0.54,High
0.155,0.358,0.51,High
0.185,0.4,0.535,High
0.185,0.435,0.56,High
0.17,0.3235,0.5,High
0.175,0.343,0.5,High
0.175,0.37,0.495,High
0.21,0.45,0.54,High
0.17,0.44,0.56,High
0.155,0.255,0.4,High
0.115,0.185,0.37,High
0.115,0.18,0.4,High
0.19,0.515,0.55,High
0.185,0.547,0.545,High
0.195,0.5055,0.52,High
0.15,0.2515,0.46,High
0.175,0.4295,0.55,High
0.185,0.499,0.535,High
0.16,0.35,0.515,High
0.19,0.3855,0.49,High
0.155,0.35,0.485,High
0.15,0.386,0.51,High
0.175,0.475,0.545,High
0.205,0.48,0.59,High
0.17,0.335,0.5,High
0.165,0.43,0.505,High
0.165,0.3,0.475,High
0.17,0.2845,0.455,High
0.165,0.249,0.45,High
0.1,0.115,0.31,High
0.12,0.155,0.38,High
0.13,0.155,0.38,High
0.14,0.179,0.405,High
0.18,0.255,0.425,High
0.15,0.255,0.445,High
0.125,0.2,0.39,High
0.115,0.166,0.345,High
0.12,0.105,0.33,High
0.12,0.155,0.35,High
0.13,0.145,0.35,High
0.17,0.295,0.45,High
0.11,0.113,0.34,High
0.145,0.223,0.43,High
0.175,0.21,0.44,High
0.15,0.33,0.485,High
0.13,0.26,0.435,High
0.18,0.315,0.505,High
0.13,0.249,0.42,High
0.145,0.2765,0.46,High
0.145,0.26,0.46,High
0.16,0.305,0.49,High
0.1,0.1135,0.325,High
0.13,0.225,0.405,High
0.135,0.239,0.45,High
0.115,0.209,0.42,High
0.09,0.07,0.28,High
0.1,0.085,0.28,High
0.15,0.215,0.43,High
0.135,0.1525,0.35,High
0.14,0.185,0.38,High
0.215,0.4065,0.525,High
0.145,0.24,0.435,High
0.135,0.251,0.435,High
0.15,0.29,0.43,High
0.13,0.246,0.425,High
0.155,0.274,0.425,High
0.16,0.2915,0.49,High
0.14,0.196,0.41,High
0.115,0.186,0.395,High
0.145,0.265,0.445,High
0.16,0.3075,0.475,High
0.09,0.065,0.26,High
0.12,0.235,0.405,High
0.115,0.1125,0.355,High
0.14,0.175,0.385,High
0.13,0.18,0.345,High
0.115,0.12,0.31,High
0.15,0.2445,0.47,High
0.15,0.325,0.465,High
0.125,0.195,0.395,High
0.155,0.284,0.47,High
0.16,0.3315,0.485,High
0.17,0.31,0.49,High
0.15,0.1895,0.41,High
0.145,0.215,0.4,High
0.165,0.275,0.445,High
0.135,0.275,0.43,High
0.14,0.182,0.41,High
0.125,0.21,0.445,High
0.155,0.235,0.44,High
0.145,0.2575,0.425,High
0.135,0.19,0.38,High
0.095,0.075,0.28,High
0.14,0.2,0.425,High
0.175,0.38,0.48,High
0.155,0.2425,0.455,High
0.15,0.35,0.475,High
0.165,0.245,0.42,High
0.14,0.15,0.395,High
0.1,0.1,0.31,High
0.19,0.355,0.465,High
0.145,0.265,0.465,High
0.19,0.285,0.49,High
0.15,0.31,0.455,High
0.145,0.285,0.45,High
0.15,0.22,0.41,High
0.14,0.24,0.47,High
0.1,0.075,0.285,High
0.13,0.29,0.45,High
0.135,0.235,0.42,High
0.18,0.25,0.435,High
0.075,0.049,0.245,High
0.12,0.16,0.35,High
0.17,0.195,0.4,High
0.15,0.295,0.44,High
0.09,0.0795,0.25,High
0.1,0.083,0.3,High
0.08,0.155,0.36,High
0.13,0.275,0.4,High
0.15,0.3,0.45,High
0.165,0.31,0.41,High
0.155,0.214,0.41,High
0.16,0.2885,0.42,High
0.175,0.36,0.475,High
0.175,0.3445,0.495,High
0.175,0.399,0.525,High
0.14,0.17,0.4,High
0.155,0.275,0.465,High
0.165,0.2925,0.47,High
0.15,0.3085,0.47,High
0.175,0.395,0.49,High
0.175,0.432,0.52,High
0.175,0.349,0.5,High
0.21,0.46,0.52,High
0.165,0.4005,0.525,High
0.205,0.5475,0.565,High
0.155,0.294,0.5,High
0.16,0.345,0.515,High
0.185,0.5,0.585,High
0.215,0.5,0.565,High
0.125,0.1685,0.39,High
0.155,0.325,0.48,High
0.155,0.295,0.46,High
0.16,0.345,0.51,High
0.16,0.4325,0.525,High
0.175,0.405,0.525,High
0.215,0.528,0.555,High
0.18,0.305,0.47,High
0.15,0.31,0.48,High
0.155,0.43,0.51,High
0.215,0.4195,0.51,High
0.2,0.41,0.545,High
0.17,0.395,0.515,High
0.2,0.595,0.555,High
0.18,0.445,0.55,High
0.165,0.3325,0.49,High
0.17,0.339,0.49,High
0.175,0.328,0.495,High
0.185,0.4435,0.525,High
0.19,0.391,0.505,High
0.185,0.378,0.525,High
0.175,0.353,0.525,High
0.16,0.3665,0.505,High
0.165,0.3,0.52,High
0.15,0.32,0.52,High
0.215,0.502,0.575,High
0.22,0.566,0.56,High
0.215,0.557,0.59,High
0.175,0.3285,0.495,High
0.185,0.344,0.49,High
0.195,0.3475,0.495,High
0.19,0.3965,0.525,High
0.19,0.455,0.53,High
0.18,0.4425,0.56,High
0.21,0.643,0.575,High
0.155,0.26,0.455,High
0.155,0.265,0.46,High
0.155,0.277,0.455,High
0.155,0.295,0.455,High
0.17,0.329,0.46,High
0.145,0.285,0.47,High
0.16,0.285,0.49,High
0.155,0.3215,0.495,High
0.165,0.35,0.53,High
0.175,0.3385,0.49,High
0.175,0.37,0.51,High
0.15,0.4115,0.515,High
0.18,0.5,0.55,High
0.19,0.503,0.565,High
0.14,0.2385,0.44,High
0.2,0.49,0.55,High
0.22,0.479,0.585,High
0.145,0.22,0.39,High
0.12,0.185,0.35,High
0.165,0.315,0.47,High
0.2,0.415,0.59,High
0.16,0.27,0.43,High
0.135,0.285,0.49,High
0.13,0.175,0.355,High
0.115,0.12,0.345,High
0.165,0.245,0.455,High
0.13,0.2175,0.4,High
0.15,0.31,0.495,High
0.125,0.144,0.34,High
0.06,0.04,0.235,High
0.13,0.18,0.39,High
0.17,0.24,0.475,High
0.15,0.2625,0.45,High
0.18,0.325,0.46,High
0.185,0.345,0.495,High
0.15,0.37,0.505,High
0.2,0.351,0.5,High
0.165,0.406,0.52,High
0.18,0.4025,0.53,High
0.175,0.488,0.57,High
0.215,0.5285,0.555,High
0.12,0.172,0.375,High
0.185,0.367,0.495,High
0.155,0.346,0.505,High
0.2,0.45,0.565,High
0.19,0.371,0.515,High
0.195,0.4755,0.54,High
0.19,0.505,0.595,High
0.15,0.287,0.445,High
0.165,0.315,0.465,High
0.14,0.2915,0.48,High
0.175,0.3525,0.495,High
0.175,0.367,0.52,High
0.16,0.345,0.515,High
0.18,0.363,0.505,High
0.175,0.4395,0.575,High
0.16,0.325,0.515,High
0.175,0.44,0.55,High
0.165,0.266,0.495,High
0.185,0.3685,0.545,High
0.175,0.335,0.45,High
0.215,0.29,0.485,High
0.175,0.37,0.515,High
0.17,0.395,0.505,High
0.165,0.42,0.54,High
0.145,0.385,0.52,High
0.125,0.188,0.395,High
0.145,0.345,0.435,High
0.145,0.277,0.455,High
0.18,0.439,0.5,High
0.155,0.3245,0.495,High
0.165,0.316,0.515,High
0.16,0.3815,0.505,High
0.125,0.265,0.42,High
0.135,0.206,0.385,High
0.115,0.29,0.44,High
0.14,0.16,0.335,High
0.145,0.21,0.4,High
0.15,0.275,0.455,High
0.165,0.275,0.5,High
0.125,0.115,0.31,High
0.125,0.145,0.36,High
0.17,0.22,0.45,High
0.155,0.26,0.44,High
0.11,0.1,0.31,High
0.1,0.104,0.32,High
0.085,0.055,0.245,High
0.15,0.292,0.475,High
0.17,0.475,0.485,High
0.2,0.529,0.565,High
0.18,0.355,0.52,High
0.195,0.4535,0.57,High
0.23,0.36,0.475,High
0.165,0.39,0.49,High
0.18,0.4115,0.515,High
0.16,0.405,0.525,High
0.2,0.401,0.515,High
0.17,0.465,0.53,High
0.155,0.31,0.475,High
0.17,0.38,0.515,High
0.165,0.3555,0.49,High
0.175,0.317,0.47,High
0.18,0.332,0.5,High
0.17,0.36,0.52,High
0.17,0.399,0.495,High
0.155,0.27,0.44,High
0.16,0.32,0.44,High
0.18,0.44,0.465,High
0.16,0.33,0.45,High
0.155,0.235,0.41,High
0.135,0.31,0.45,High
0.175,0.62,0.515,High
0.2,0.46,0.51,High
0.15,0.285,0.48,High
0.145,0.23,0.4,High
0.105,0.12,0.325,High
0.155,0.3,0.455,High
0.125,0.27,0.44,High
0.185,0.49,0.53,High
0.21,0.355,0.505,High
0.18,0.17,0.375,High
0.15,0.34,0.465,High
0.175,0.35,0.5,High
0.185,0.33,0.495,High
0.15,0.24,0.44,High
0.17,0.265,0.465,High
0.19,0.4,0.55,High
0.175,0.48,0.52,High
0.18,0.245,0.44,High
0.16,0.26,0.45,High
0.16,0.23,0.45,High
0.165,0.37,0.5,High
0.17,0.1515,0.345,High
0.14,0.152,0.355,High
0.115,0.195,0.385,High
0.16,0.225,0.405,High
0.105,0.09,0.305,High
0.105,0.155,0.375,High
0.125,0.21,0.405,High
0.165,0.262,0.465,High
0.115,0.235,0.41,High
0.14,0.305,0.465,High
0.175,0.292,0.5,High
0.17,0.455,0.525,High
0.195,0.553,0.565,High
0.18,0.4045,0.535,High
0.185,0.4825,0.575,High
0.155,0.305,0.465,High
0.16,0.275,0.47,High
0.165,0.3035,0.475,High
0.155,0.3185,0.48,High
0.13,0.195,0.545,High
0.18,0.43,0.57,High
0.205,0.565,0.565,High
0.185,0.4685,0.5,High
0.15,0.3085,0.485,High
0.155,0.335,0.515,High
0.18,0.313,0.48,High
0.19,0.35,0.48,High
0.19,0.425,0.505,High
0.175,0.415,0.535,High
0.2,0.46,0.55,High
0.195,0.48,0.57,High
0.205,0.482,0.565,High
0.16,0.3225,0.495,High
0.18,0.4675,0.51,High
0.205,0.416,0.53,High
0.18,0.501,0.575,High
0.195,0.462,0.54,High
0.215,0.602,0.575,High
0.2,0.41,0.51,High
0.175,0.215,0.39,High
0.165,0.315,0.455,High
0.165,0.365,0.5,High
0.135,0.2,0.385,High
0.17,0.216,0.435,High
0.165,0.315,0.505,High
0.11,0.11,0.325,High
0.15,0.185,0.405,High
0.115,0.14,0.345,High
0.155,0.195,0.415,High
0.145,0.17,0.38,High
0.13,0.1475,0.365,High
0.165,0.28,0.455,High
0.125,0.2,0.39,High
0.165,0.513,0.545,High
0.22,0.471,0.575,High
0.185,0.4105,0.51,High
0.17,0.4945,0.565,High
0.195,0.398,0.47,High
0.15,0.293,0.485,High
0.2,0.43,0.565,High
0.2,0.405,0.515,High
0.19,0.44,0.525,High
0.17,0.355,0.505,High
0.205,0.726,0.615,High
0.195,0.6855,0.53,High
0.13,0.165,0.38,High
0.16,0.32,0.47,High
0.19,0.4,0.505,High
0.19,0.365,0.48,High
0.15,0.29,0.48,High
0.19,0.37,0.52,High
0.14,0.285,0.5,High
0.145,0.31,0.465,High
0.12,0.193,0.395,High
0.185,0.265,0.45,High
0.135,0.155,0.38,High
0.105,0.098,0.3,High
0.135,0.14,0.325,High
0.185,0.275,0.475,High
0.135,0.1845,0.39,High
0.145,0.23,0.38,High
0.15,0.1945,0.375,High
0.16,0.315,0.48,High
0.19,0.42,0.525,High
0.155,0.335,0.5,High
0.17,0.32,0.5,High
0.165,0.279,0.45,High
0.195,0.407,0.525,High
0.195,0.516,0.555,High
0.17,0.344,0.49,High
0.17,0.431,0.555,High
0.165,0.37,0.45,High
0.11,0.13,0.36,High
0.15,0.25,0.41,High
0.1,0.235,0.45,High
0.18,0.355,0.46,High
0.125,0.1775,0.43,High
0.165,0.23,0.4,High
0.14,0.22,0.395,High
0.12,0.275,0.45,High
0.175,0.39,0.5,High
0.135,0.125,0.35,High
0.12,0.155,0.37,High
0.165,0.25,0.44,High
0.13,0.168,0.355,High
0.125,0.096,0.33,High
0.145,0.36,0.495,High
0.14,0.2235,0.39,High
0.135,0.23,0.42,High
0.145,0.1825,0.445,High
0.18,0.315,0.485,High
0.155,0.3145,0.47,High
0.17,0.3,0.44,High
0.11,0.135,0.335,High
0.155,0.1815,0.41,High
0.115,0.106,0.325,High
0.175,0.395,0.43,High
0.1,0.0725,0.28,High
0.135,0.28,0.415,High
0.125,0.145,0.36,High
0.18,0.306,0.48,High
0.155,0.18,0.38,High
0.13,0.24,0.4,High
0.14,0.28,0.445,High
0.175,0.675,0.51,High
0.15,0.26,0.44,High
0.16,0.345,0.47,High
0.175,0.345,0.485,High
0.17,0.36,0.485,High
0.155,0.245,0.405,High
0.13,0.205,0.4,High
0.155,0.2,0.38,High
0.185,0.32,0.465,High
0.14,0.245,0.46,High
0.18,0.315,0.49,High
0.12,0.195,0.375,High
0.155,0.215,0.42,High
0.15,0.26,0.44,High
0.12,0.24,0.44,High
0.175,0.375,0.5,High
0.145,0.305,0.48,High
0.235,0.305,0.46,High
0.15,0.24,0.42,High
0.09,0.068,0.265,High
0.145,0.245,0.415,High
0.105,0.0875,0.285,High
0.115,0.1105,0.295,High
0.115,0.205,0.385,High
0.15,0.215,0.385,High
0.135,0.262,0.385,High
0.165,0.256,0.45,High
0.16,0.3635,0.465,High
0.14,0.285,0.405,High
0.13,0.33,0.46,High
0.165,0.41,0.505,High
0.185,0.498,0.535,High
0.22,0.6205,0.6,High
0.21,0.3865,0.53,High
0.19,0.638,0.575,High
0.19,0.5075,0.55,High
0.185,0.4505,0.505,High
0.165,0.305,0.48,High
0.18,0.355,0.495,High
0.145,0.3365,0.485,High
0.16,0.315,0.495,High
0.215,0.5365,0.575,High
0.2,0.461,0.525,High
0.2,0.494,0.565,High
0.15,0.309,0.48,High
0.17,0.418,0.5,High
0.175,0.386,0.5,High
0.175,0.395,0.52,High
0.16,0.308,0.505,High
0.205,0.63,0.595,High
0.195,0.642,0.62,High
0.25,0.578,0.63,High
0.155,0.335,0.485,High
0.16,0.335,0.525,High
0.165,0.365,0.5,High
0.2,0.436,0.515,High
0.18,0.4,0.525,High
0.19,0.4715,0.54,High
0.175,0.375,0.55,High
0.135,0.185,0.395,High
0.14,0.295,0.445,High
0.175,0.4,0.51,High
0.15,0.245,0.47,High
0.1,0.18,0.425,High
0.135,0.17,0.375,High
0.165,0.49,0.5,High
0.185,0.35,0.45,High
0.135,0.17,0.37,High
0.125,0.125,0.315,High
0.145,0.24,0.395,High
0.16,0.255,0.45,High
0.12,0.22,0.425,High
0.135,0.22,0.435,High
0.155,0.25,0.45,High
0.135,0.18,0.38,High
0.165,0.21,0.4,High
0.16,0.225,0.36,High
0.155,0.285,0.4,High
0.195,0.471,0.585,High
0.175,0.3775,0.5,High
0.175,0.505,0.525,High
0.18,0.5335,0.585,High
0.175,0.34,0.505,High
0.15,0.3115,0.47,High
0.175,0.45,0.51,High
0.19,0.445,0.495,High
0.205,0.625,0.59,High
0.2,0.495,0.575,High
0.175,0.5,0.47,High
0.15,0.255,0.45,High
0.175,0.364,0.51,High
0.14,0.265,0.45,High
0.12,0.125,0.325,High
0.13,0.175,0.38,High
0.11,0.13,0.355,High
0.125,0.17,0.385,High
0.16,0.22,0.415,High
0.13,0.205,0.46,High
0.125,0.135,0.345,High
0.16,0.335,0.475,High
0.185,0.369,0.515,High
0.18,0.445,0.52,High
0.22,0.6195,0.555,High
0.19,0.425,0.51,High
0.175,0.385,0.51,High
0.2,0.49,0.55,High
0.185,0.485,0.495,High
0.195,0.315,0.45,High
0.19,0.34,0.46,High
0.17,0.285,0.455,High
0.165,0.44,0.46,High
0.16,0.28,0.485,High
0.17,0.275,0.435,High
0.17,0.31,0.415,High
0.16,0.295,0.475,High
0.125,0.17,0.36,High
0.175,0.335,0.435,High
0.135,0.2,0.39,High
0.14,0.315,0.465,High
0.19,0.36,0.505,High
0.13,0.13,0.355,High
0.17,0.44,0.53,High
0.145,0.25,0.41,High
0.12,0.095,0.31,High
0.1,0.0865,0.3,High
0.13,0.195,0.4,High
0.145,0.175,0.35,High
0.15,0.21,0.4,High
0.12,0.14,0.335,High
0.105,0.195,0.39,High
0.17,0.315,0.46,High
0.165,0.275,0.455,High
0.13,0.32,0.445,High
0.17,0.51,0.575,High
0.19,0.4275,0.52,High
0.18,0.4645,0.545,High
0.155,0.3645,0.51,High
0.205,0.538,0.575,High
0.17,0.355,0.5,High
0.195,0.44,0.515,High
0.235,0.52,0.495,High
0.13,0.25,0.415,High
0.145,0.19,0.375,High
0.195,0.53,0.525,High
0.16,0.295,0.465,High
0.15,0.32,0.51,High
0.215,0.62,0.575,High
0.175,0.295,0.445,High
0.15,0.37,0.52,High
0.135,0.25,0.45,High
0.11,0.125,0.35,High
0.125,0.263,0.43,High
0.2,0.505,0.525,High
0.13,0.27,0.385,High
0.145,0.24,0.425,High
0.145,0.2515,0.4,High
0.205,0.4535,0.555,High
0.175,0.474,0.55,High
0.205,0.498,0.545,High
0.205,0.5165,0.575,High
0.19,0.412,0.55,High
0.17,0.335,0.495,High
0.16,0.394,0.525,High
0.18,0.345,0.5,High
0.19,0.3805,0.475,High
0.175,0.575,0.545,High
0.14,0.21,0.42,High
0.135,0.145,0.35,High
0.205,0.42,0.485,High
0.16,0.44,0.55,High
0.125,0.29,0.435,High
0.13,0.24,0.475,High
0.14,0.175,0.375,High
0.165,0.305,0.475,High
0.185,0.405,0.57,High
0.175,0.39,0.5,High
0.165,0.355,0.485,High
0.11,0.1345,0.365,High
0.13,0.185,0.38,High
0.115,0.125,0.35,High
0.165,0.385,0.45,High
0.225,0.5675,0.565,High
0.205,0.4525,0.525,High
0.155,0.2875,0.42,High
0.175,0.45,0.52,High
0.15,0.295,0.4,High
0.18,0.39,0.5,High
0.115,0.21,0.4,High
0.15,0.27,0.415,High
0.13,0.255,0.425,High
0.11,0.225,0.39,High
0.16,0.35,0.495,High
0.22,0.405,0.5,High
0.08,0.05,0.245,High
0.1,0.12,0.345,High
0.155,0.345,0.49,High
0.12,0.155,0.37,High
0.145,0.22,0.4,High
0.12,0.17,0.4,High
0.14,0.115,0.355,High
0.15,0.235,0.4,High
0.18,0.3,0.455,High
0.14,0.32,0.47,High
0.125,0.154,0.345,High
0.18,0.39,0.485,High
0.135,0.205,0.42,High
0.165,0.3615,0.5,High
0.11,0.12,0.325,High
0.1,0.17,0.33,High
0.17,0.26,0.45,High
0.17,0.275,0.475,High
0.125,0.2,0.34,High
0.145,0.212,0.38,High
0.115,0.165,0.385,High
0.165,0.335,0.48,High
0.15,0.185,0.39,High
0.19,0.33,0.46,High
0.13,0.275,0.425,High
0.14,0.4,0.465,High
0.175,0.39,0.465,High
0.165,0.34,0.465,High
0.19,0.355,0.49,High
0.18,0.325,0.48,High
0.165,0.285,0.4,High
0.135,0.275,0.445,High
0.18,0.36,0.47,High
0.155,0.41,0.515,High
0.24,0.535,0.515,High
0.185,0.33,0.475,High
0.14,0.18,0.39,High
0.185,0.395,0.525,High
0.15,0.4,0.52,High
0.14,0.235,0.41,High
0.175,0.32,0.45,High
0.165,0.25,0.415,High
0.185,0.39,0.435,High
0.195,0.41,0.53,High
0.13,0.29,0.46,High
0.135,0.148,0.345,High
0.155,0.335,0.425,High
0.16,0.293,0.455,High
0.125,0.255,0.4,High
0.13,0.23,0.42,High
0.13,0.22,0.38,High
0.185,0.35,0.505,High
0.155,0.27,0.44,High
0.14,0.195,0.38,High
0.165,0.3,0.41,High
0.205,0.46,0.535,High
0.185,0.469,0.545,High
0.24,0.5015,0.575,High
0.16,0.275,0.44,High
0.175,0.395,0.515,High
0.16,0.3545,0.525,High
0.205,0.511,0.55,High
0.13,0.238,0.415,High
0.185,0.4505,0.545,High
0.195,0.535,0.55,High
0.215,0.646,0.605,High
0.17,0.335,0.49,High
0.16,0.355,0.43,High
0.155,0.28,0.475,High
0.165,0.275,0.43,High
0.175,0.415,0.48,High
0.175,0.38,0.485,High
0.165,0.285,0.415,High
0.13,0.195,0.375,High
0.155,0.25,0.435,High
0.14,0.29,0.42,High
0.135,0.2,0.395,High
0.22,0.445,0.55,High
0.135,0.28,0.44,High
0.15,0.4,0.47,High
0.085,0.06,0.255,High
0.125,0.145,0.355,High
0.13,0.24,0.415,High
0.155,0.34,0.42,High
0.18,0.3935,0.51,High
0.2,0.4405,0.55,High
0.205,0.4865,0.54,High
0.18,0.341,0.515,High
0.19,0.5305,0.58,High
0.175,0.337,0.405,High
0.21,0.437,0.54,High
0.17,0.343,0.49,High
0.175,0.4625,0.56,High
0.17,0.245,0.42,High
0.16,0.28,0.405,High
0.18,0.405,0.515,High
0.15,0.265,0.41,High
0.16,0.295,0.435,High
0.185,0.295,0.455,High
0.125,0.26,0.4,High
0.185,0.335,0.535,High
0.125,0.305,0.42,High
0.16,0.3,0.48,High
0.15,0.215,0.345,High
0.2,0.5,0.55,High
0.2,0.5235,0.605,High
0.175,0.405,0.5,High
0.205,0.4355,0.525,High
0.14,0.21,0.38,High
0.135,0.27,0.425,High
0.17,0.345,0.475,High
0.14,0.255,0.425,High
0.16,0.235,0.395,High
0.19,0.39,0.535,High
0.205,0.48,0.51,High
0.17,0.42,0.575,High
0.17,0.39,0.495,High
0.165,0.505,0.54,High
0.175,0.33,0.55,High
0.165,0.285,0.455,High
0.155,0.235,0.445,High
0.13,0.185,0.355,High
0.135,0.173,0.385,High
0.15,0.215,0.42,High
0.145,0.32,0.47,High
0.215,0.4735,0.54,High
0.235,0.612,0.61,High
0.25,0.7975,0.65,High
0.21,0.503,0.565,High
0.18,0.3925,0.515,High
0.235,0.395,0.45,High
0.25,0.445,0.47,High
0.165,0.3,0.485,High
0.18,0.39,0.455,High
0.165,0.295,0.45,High
0.17,0.38,0.46,High
0.175,0.36,0.51,High
0.17,0.25,0.41,High
0.23,0.355,0.48,High
0.135,0.275,0.475,High
0.14,0.177,0.365,High
0.135,0.22,0.38,High
0.17,0.28,0.435,High
0.175,0.32,0.47,High
0.155,0.2115,0.44,High
0.175,0.275,0.415,High
0.2,0.6095,0.53,High
0.205,0.5965,0.55,High
0.155,0.285,0.465,High
0.115,0.2,0.405,High
0.17,0.325,0.46,High
0.16,0.315,0.495,High
0.19,0.365,0.505,High
0.16,0.37,0.51,High
0.145,0.33,0.485,High
0.175,0.315,0.51,High
0.16,0.345,0.5,High
0.165,0.33,0.485,High
0.135,0.3605,0.485,High
0.18,0.456,0.525,High
0.115,0.17,0.365,High
0.22,0.453,0.535,High
0.15,0.19,0.465,High
0.175,0.49,0.475,High
0.095,0.09,0.305,High
0.15,0.255,0.405,High
0.135,0.1175,0.345,High
0.15,0.245,0.425,High
0.12,0.16,0.345,High
0.16,0.345,0.45,High
0.16,0.38,0.46,High
0.17,0.32,0.475,High
0.155,0.35,0.465,High
0.155,0.19,0.385,High
0.155,0.285,0.435,High
0.125,0.146,0.34,High
0.16,0.198,0.4,High
0.16,0.19,0.42,High
0.14,0.36,0.45,High
0.195,0.48,0.535,High
0.19,0.725,0.57,High
0.22,0.76,0.56,High
0.215,0.59,0.55,High
0.18,0.295,0.48,High
0.15,0.36,0.45,High
0.175,0.325,0.44,High
0.15,0.235,0.45,High
0.205,0.385,0.485,High
0.14,0.225,0.395,High
0.175,0.31,0.38,High
0.125,0.195,0.41,High
0.14,0.265,0.44,High
0.19,0.325,0.475,High
0.145,0.3,0.455,High
0.15,0.28,0.48,High
0.125,0.22,0.42,High
0.12,0.28,0.475,High
0.145,0.285,0.455,High
0.14,0.15,0.335,High
0.145,0.215,0.385,High
0.135,0.32,0.41,High
0.205,0.245,0.44,High
0.13,0.28,0.42,High
0.19,0.47,0.51,High
0.165,0.406,0.505,High
0.19,0.3845,0.5,High
0.165,0.3925,0.51,High
0.155,0.365,0.455,High
0.205,0.465,0.53,High
0.195,0.285,0.42,High
0.135,0.26,0.385,High
0.15,0.27,0.39,High
0.18,0.53,0.495,High
0.135,0.215,0.395,High
0.14,0.19,0.35,High
0.175,0.385,0.515,High
0.145,0.31,0.49,High
0.135,0.235,0.36,High
0.145,0.204,0.385,High
0.225,0.563,0.585,High
0.15,0.315,0.45,High
0.155,0.485,0.535,High
0.15,0.43,0.53,High
0.19,0.395,0.525,High
0.135,0.16,0.38,High
0.12,0.22,0.45,High
0.095,0.112,0.33,High
0.13,0.22,0.375,High
0.2,0.371,0.495,High
0.165,0.46,0.56,High
0.15,0.28,0.475,High
0.16,0.245,0.415,High
0.185,0.345,0.46,High
0.17,0.365,0.505,High
0.185,0.3,0.415,High
0.195,0.285,0.45,High
0.14,0.36,0.47,High
0.175,0.39,0.54,High
0.15,0.36,0.515,High
0.15,0.305,0.5,High
0.225,0.36,0.47,High
0.14,0.179,0.375,High
0.15,0.18,0.38,High
0.12,0.165,0.4,High
0.19,0.41,0.495,High
0.145,0.195,0.36,High
0.125,0.24,0.4,High
0.175,0.512,0.535,High
0.18,0.6,0.55,High
0.2,0.34,0.48,High
0.185,0.33,0.435,High
0.175,0.42,0.48,High
0.145,0.205,0.395,High
0.145,0.24,0.425,High
0.2,0.29,0.47,High
0.13,0.17,0.4,High
0.135,0.195,0.41,High
0.185,0.49,0.53,High
0.185,0.47,0.54,High
0.19,0.365,0.495,High
0.14,0.215,0.39,High
0.145,0.27,0.475,High
0.175,0.52,0.575,High
0.13,0.1595,0.37,High
0.145,0.205,0.405,High
0.13,0.195,0.39,High
0.225,0.41,0.5,High
0.17,0.295,0.49,High
0.16,0.495,0.545,High
0.16,0.355,0.44,High
0.145,0.1655,0.35,High
0.105,0.14,0.36,High
0.145,0.255,0.39,High
0.17,0.3,0.455,High
0.145,0.315,0.515,High
0.17,0.33,0.485,High
0.16,0.26,0.415,High
0.125,0.175,0.38,High
0.18,0.42,0.525,High
0.14,0.205,0.405,High
0.095,0.15,0.365,High
0.18,0.295,0.475,High
0.135,0.255,0.425,High
0.19,0.485,0.56,High
0.145,0.255,0.435,High
0.16,0.335,0.435,High
0.145,0.325,0.475,High
0.16,0.26,0.45,High
0.165,0.34,0.495,High
0.175,0.37,0.45,High
0.225,0.45,0.505,High
0.165,0.315,0.475,High
0.175,0.37,0.465,High
0.18,0.385,0.47,High
0.165,0.34,0.5,High
0.125,0.24,0.465,High
0.175,0.415,0.53,High
0.175,0.315,0.47,High
0.225,0.365,0.455,High
0.115,0.1135,0.325,High
0.185,0.255,0.44,High
0.15,0.4405,0.44,High
0.13,0.295,0.41,High
0.12,0.265,0.4,High
0.175,0.39,0.515,High
0.12,0.31,0.43,High
0.15,0.325,0.405,High
0.145,0.2,0.385,High
0.14,0.19,0.35,High
0.175,0.2905,0.415,High
0.145,0.234,0.405,High
0.17,0.453,0.53,High
0.23,0.406,0.565,High
0.195,0.5195,0.495,High
0.185,0.455,0.495,High
0.21,0.58,0.51,High
0.2,0.685,0.57,High
0.155,0.335,0.46,High
0.16,0.48,0.545,High
0.135,0.1835,0.39,High
0.14,0.25,0.4,High
0.2,0.54,0.535,High
0.195,0.47,0.52,High
0.14,0.375,0.49,High
0.155,0.295,0.49,High
0.115,0.31,0.47,High
0.135,0.29,0.435,High
0.19,0.42,0.48,High
0.16,0.225,0.42,High
0.12,0.19,0.4,High
0.125,0.26,0.425,High
0.155,0.34,0.475,High
0.165,0.32,0.425,High
0.23,0.815,0.545,High
0.195,0.71,0.6,High
0.18,0.485,0.545,High
0.15,0.295,0.48,High
0.165,0.415,0.545,High
0.195,0.5,0.565,High
0.155,0.36,0.5,High
0.16,0.42,0.535,High
0.195,0.335,0.445,High
0.17,0.42,0.515,High
0.125,0.345,0.405,High
0.105,0.1195,0.315,High
0.155,0.335,0.44,High
0.21,0.474,0.52,High
0.18,0.295,0.465,High
0.215,0.665,0.525,High
0.135,0.23,0.375,High
0.225,0.66,0.595,High
0.135,0.21,0.39,High
0.125,0.1335,0.35,High
0.18,0.555,0.515,High
0.17,0.28,0.4,High
0.205,0.39,0.5,High
0.14,0.22,0.435,High
0.155,0.25,0.425,High
0.175,0.58,0.525,High
0.215,0.425,0.515,High
0.155,0.275,0.445,High
0.14,0.1275,0.35,High
0.165,0.14,0.355,High
0.18,0.49,0.5,High
0.175,0.355,0.445,High
0.2,0.425,0.48,High
0.135,0.195,0.33,High
0.19,0.4465,0.52,High
0.215,0.635,0.485,High
0.185,0.465,0.5,High
0.2,0.37,0.5,High
0.185,0.425,0.45,High
0.17,0.34,0.515,High
0.12,0.29,0.485,High
0.185,0.375,0.455,High
0.215,0.58,0.565,High
0.185,0.455,0.545,High
0.185,0.29,0.405,High
0.165,0.435,0.46,High
0.165,0.26,0.42,High
0.145,0.34,0.47,High
0.165,0.2515,0.43,High
0.14,0.235,0.415,High
0.23,0.665,0.575,High
0.19,0.545,0.51,High
0.175,0.465,0.525,High
0.2,0.47,0.525,High
0.175,0.405,0.485,High
0.14,0.184,0.35,High
0.15,0.33,0.465,High
0.155,0.205,0.4,High
0.215,0.47,0.56,High
0.195,0.36,0.555,High
0.21,0.625,0.55,High
0.19,0.42,0.485,High
0.14,0.305,0.44,High
0.175,0.515,0.48,High
0.105,0.17,0.385,High
0.165,0.295,0.435,High
0.155,0.205,0.38,High
0.11,0.195,0.36,High
0.14,0.26,0.405,High
0.13,0.265,0.42,High
0.2,0.45,0.52,High
0.135,0.3,0.44,High
0.17,0.278,0.425,High
0.24,0.885,0.565,High
0.16,0.3,0.455,High
0.19,0.475,0.535,High
0.195,0.565,0.565,High
0.175,0.525,0.56,High
0.17,0.235,0.43,High
0.22,0.51,0.485,High
0.185,0.41,0.505,High
0.15,0.215,0.41,High
0.165,0.345,0.5,High
0.16,0.33,0.515,High
0.145,0.25,0.42,High
0.19,0.435,0.505,High
0.145,0.264,0.435,High
0.195,0.375,0.465,High
0.17,0.37,0.46,High
0.165,0.3,0.44,High
0.165,0.41,0.48,High
0.16,0.275,0.425,High
0.18,0.325,0.435,High
0.215,0.7,0.585,High
0.175,0.2645,0.415,High
0.175,0.415,0.54,High
0.155,0.3,0.4,High
0.195,0.37,0.5,High
0.205,0.601,0.58,High
0.23,0.897,0.595,High
0.22,0.6585,0.57,High
0.175,0.725,0.495,High
0.195,0.35,0.47,High
0.23,0.57,0.51,High
0.175,0.385,0.465,High
0.17,0.35,0.475,High
0.19,0.4,0.465,High
0.15,0.27,0.435,High
0.195,0.485,0.485,High
0.2,0.455,0.52,High
0.125,0.25,0.455,High
0.14,0.315,0.405,High
0.115,0.29,0.45,High
0.155,0.255,0.425,High
0.19,0.395,0.5,High
0.21,1.005,0.56,High
0.155,0.32,0.455,High
0.19,0.395,0.525,High
0.165,0.33,0.485,High
0.17,0.385,0.45,High
0.175,0.295,0.45,High
0.15,0.26,0.455,High
0.19,0.5855,0.585,High
0.18,0.32,0.475,High
0.175,0.275,0.48,High
0.205,0.41,0.525,High
0.13,0.155,0.35,High
0.18,0.485,0.5,High
0.175,0.475,0.54,High
0.175,0.38,0.405,High
0.14,0.25,0.405,High
0.19,0.565,0.53,High
0.18,0.445,0.5,High
0.19,0.345,0.49,High
0.175,0.205,0.41,High
0.125,0.169,0.37,High
0.14,0.195,0.38,High
0.195,0.41,0.49,High
0.18,0.53,0.525,High
0.165,0.35,0.525,High
0.165,0.78,0.54,High
0.24,0.69,0.5,High
0.18,0.35,0.49,High
0.17,0.32,0.455,High
0.12,0.29,0.425,High
0.19,0.47,0.48,High
0.2,0.61,0.505,High
0.19,0.42,0.53,High
0.195,0.305,0.475,High
0.125,0.13,0.315,High
0.155,0.38,0.485,High
0.195,0.355,0.435,High
0.155,0.315,0.51,High
0.165,0.39,0.505,High
0.145,0.31,0.41,High
0.16,0.34,0.475,High
0.15,0.2495,0.395,High
0.15,0.32,0.44,High
0.175,0.455,0.55,High
0.175,0.35,0.455,High
0.2,0.6,0.58,High
0.14,0.285,0.425,High
0.15,0.26,0.46,High
0.165,0.3,0.485,High
0.19,0.435,0.525,High
0.18,0.42,0.52,High
0.16,0.315,0.45,High
0.165,0.24,0.41,High
0.18,0.425,0.475,High
0.205,0.515,0.555,High
0.2,0.52,0.555,High
0.175,0.335,0.44,High
0.12,0.16,0.355,High
0.14,0.26,0.39,High
0.16,0.54,0.535,High
0.185,0.41,0.45,High
0.195,0.345,0.455,High
0.16,0.355,0.515,High
0.16,0.33,0.5,High
0.155,0.215,0.38,High
0.2,0.57,0.55,High
0.16,0.295,0.405,High
0.16,0.27,0.475,High
0.23,0.5,0.57,High
0.145,0.355,0.41,High
0.155,0.29,0.405,High
0.165,0.325,0.435,High
0.185,0.41,0.515,High
0.15,0.33,0.415,High
0.17,0.425,0.475,High
0.175,0.85,0.575,High
0.205,0.65,0.57,High
0.175,0.445,0.525,High
0.195,0.605,0.545,High
0.17,0.4,0.5,High
0.155,0.415,0.455,High
0.17,0.405,0.45,High
0.21,0.515,0.485,High
0.17,0.358,0.47,High
0.165,0.225,0.4,High
0.185,0.205,0.42,High
0.17,0.315,0.445,High
0.205,0.43,0.525,High
0.205,0.58,0.58,High
0.165,0.45,0.515,High
0.155,0.325,0.47,High
0.13,0.265,0.415,High
0.175,0.525,0.515,High
0.155,0.37,0.525,High
0.185,0.445,0.525,High
0.175,0.375,0.44,High
0.16,0.48,0.425,High
0.185,0.31,0.435,High
0.19,0.39,0.485,High
0.125,0.375,0.455,High
0.13,0.205,0.365,High
0.165,0.445,0.42,High
0.2,0.585,0.55,High
0.175,0.725,0.5,High
0.185,0.47,0.535,High
0.145,0.265,0.415,High
0.16,0.58,0.475,High
0.175,0.57,0.51,High
0.2,0.465,0.555,High
0.225,0.58,0.59,High
0.15,0.17,0.39,High
0.17,0.4,0.55,High
0.215,0.55,0.525,High
0.17,0.27,0.45,High
0.18,0.245,0.395,High
0.215,0.435,0.505,High
0.215,0.585,0.54,High
0.14,0.255,0.42,High
0.2,0.435,0.47,High
0.225,0.395,0.52,High
0.15,0.24,0.385,High
0.165,0.265,0.38,High
0.135,0.26,0.415,High
0.195,0.62,0.63,High
0.175,0.46,0.485,High
0.15,0.36,0.49,High
0.16,0.3,0.4,High
0.215,0.71,0.54,High
0.185,0.555,0.54,High
0.215,0.51,0.49,High
0.195,0.375,0.495,High
0.18,0.525,0.465,High
0.225,0.885,0.535,High
0.185,0.475,0.585,High
